index,id,date,time,year_compet,id_compet,name_compet,jour_compet,local_id,visitor_id,local_team,visitor_team,teams,resultat,home_goal,away_goal,vainqueur,local_elo,visitor_elo,local_note,visitor_note,local_tilt,visitor_tilt,local_xG,visitor_xG,local_form_str,local_date_str,visitor_form_str,visitor_date_str
36,305383,2022-01-08,03:00,2022,141,Liga MX - Clôture ,Journée 1,64675,5151,FC Juárez,Necaxa,FC Juárez - Necaxa,2-1,2,1,0,1110.0,1641.0,54.0,65.0,-17.0,-20.0,1.02,1.0,18µ36µ0µ18µ18µ0µ4µ35µ5µ15µ17µ2µ51µ0µ-18µ3µ1µ1µ-27µ9µ-17µ1µ52µ-1µ33µ-15µ-32µ18µ4µ-1µ-21µ-5µ44µ44µ3µ-48µ65µ-8µ-7µ18µ-26µ-1,2018-07-26 04:00:00µ2018-08-02 04:00:00µ2018-08-16 04:00:00µ2018-08-30 04:00:00µ2018-09-26 04:15:00µ2018-10-03 02:00:00µ2019-01-16 02:00:00µ2019-01-23 02:00:00µ2019-01-30 02:00:00µ2019-02-21 02:00:00µ2019-02-28 04:15:00µ2019-03-15 02:00:00µ2019-04-04 05:00:00µ2019-04-11 04:00:00µ2019-08-07 04:00:00µ2019-08-14 04:00:00µ2019-09-05 02:00:00µ2019-10-03 04:00:00µ2020-01-22 02:00:00µ2020-01-30 04:10:00µ2020-02-13 04:00:00µ2020-02-20 04:10:00µ2020-03-05 04:00:00µ2020-03-12 04:00:00µ2021-07-07 17:00:00µ2021-07-24 04:00:00µ2021-08-01 04:00:00µ2021-08-08 00:01:00µ2021-08-14 04:00:00µ2021-08-19 04:00:00µ2021-08-23 02:00:00µ2021-08-30 01:00:00µ2021-09-11 04:00:00µ2021-09-19 00:01:00µ2021-09-22 04:00:00µ2021-09-29 02:00:00µ2021-10-02 04:00:00µ2021-10-09 02:00:00µ2021-10-17 19:00:00µ2021-10-25 04:00:00µ2021-10-30 04:00:00µ2021-11-07 04:00:00,0µ22µ-54µ11µ-20µ1µ-2µ-2µ-36µ-9µ-17µ-17µ-34µ-35µ-19µ-12µ-1µ-2µ5µ60µ15µ-3µ-44µ-50µ-5µ42µ22µ-20µ17µ44µ7µ-2µ-7,2018-08-02 02:00:00µ2018-08-08 02:00:00µ2018-08-15 04:00:00µ2018-08-29 04:00:00µ2018-09-26 02:00:00µ2019-01-10 04:00:00µ2019-01-16 02:00:00µ2019-02-06 04:00:00µ2019-02-20 02:00:00µ2019-07-15 00:01:00µ2019-08-14 04:00:00µ2019-09-05 02:00:00µ2019-10-23 04:00:00µ2019-11-07 02:00:00µ2021-07-10 18:00:00µ2021-07-24 02:00:00µ2021-08-01 02:00:00µ2021-08-07 04:05:00µ2021-08-13 04:00:00µ2021-08-18 04:00:00µ2021-08-23 02:00:00µ2021-08-29 00:01:00µ2021-09-13 02:00:00µ2021-09-18 04:00:00µ2021-09-24 04:00:00µ2021-09-29 00:01:00µ2021-10-04 02:00:00µ2021-10-16 02:00:00µ2021-10-21 02:00:00µ2021-10-24 00:06:00µ2021-10-30 02:00:00µ2021-11-07 00:01:00µ2021-12-30 02:00:00
37,305384,2022-01-08,05:00,2022,141,Liga MX - Clôture ,Journée 1,2027,10276,Puebla,América,Puebla - América,1-1,1,1,1,1813.0,2352.0,68.0,78.0,-12.0,-3.0,1.01,1.24,0µ-1µ16µ0µ-1µ-36µ-35µ0µ-16µ5µ-17µ-21µ-18µ-18µ-27µ6µ-11µ26µ20µ-23µ-3µ20µ1µ-20µ7µ-21µ15µ19µ16µ-14µ14µ5µ-4µ17µ26µ8µ31µ-4,2018-07-26 02:00:00µ2018-08-02 04:00:00µ2018-08-15 04:00:00µ2018-09-05 04:00:00µ2018-09-27 02:00:00µ2019-01-10 02:00:00µ2019-01-23 02:00:00µ2019-02-06 02:00:00µ2019-02-21 02:00:00µ2019-02-27 02:00:00µ2019-08-07 04:00:00µ2019-10-02 04:00:00µ2019-10-24 04:00:00µ2019-11-06 02:00:00µ2021-05-13 04:05:00µ2021-05-16 01:00:00µ2021-05-21 04:00:00µ2021-05-24 02:00:00µ2021-07-26 02:06:00µ2021-07-31 04:05:00µ2021-08-08 02:00:00µ2021-08-14 02:00:00µ2021-08-18 04:06:00µ2021-08-22 19:00:00µ2021-08-28 04:00:00µ2021-09-11 02:00:00µ2021-09-20 04:06:00µ2021-09-25 03:00:00µ2021-09-29 04:00:00µ2021-10-02 02:00:00µ2021-10-16 02:00:00µ2021-10-20 02:00:00µ2021-10-24 00:01:00µ2021-10-30 04:00:00µ2021-11-06 02:00:00µ2021-11-21 04:00:00µ2021-11-26 02:00:00µ2021-11-29 03:05:00,0µ-18µ1µ0µ-18µ1µ0µ-54µ1µ7µ4µ3µ0µ4µ-1µ-10µ-8µ-41µ8µ6µ0µ19µ-21µ1µ2µ1µ1µ2µ-4µ7µ0µ-62µ-18µ-17µ3µ-37µ0µ4µ16µ-29µ-11µ-15µ-51,2018-08-01 02:00:00µ2018-08-08 04:00:00µ2018-08-15 04:00:00µ2018-08-29 02:00:00µ2018-09-26 04:15:00µ2019-01-16 02:00:00µ2019-01-24 04:00:00µ2019-01-31 04:00:00µ2019-02-06 04:00:00µ2019-02-27 04:15:00µ2019-03-14 03:55:00µ2019-04-03 04:15:00µ2019-04-11 04:00:00µ2020-07-04 04:00:00µ2020-07-08 04:00:00µ2020-07-12 04:00:00µ2020-07-17 04:00:00µ2021-05-14 02:00:00µ2021-05-17 03:05:00µ2021-07-05 02:30:00µ2021-07-08 03:30:00µ2021-07-10 21:00:00µ2021-07-23 04:00:00µ2021-08-01 02:00:00µ2021-08-08 02:00:00µ2021-08-16 00:01:00µ2021-08-19 04:00:00µ2021-08-23 00:01:00µ2021-08-29 04:00:00µ2021-09-05 22:45:00µ2021-09-12 04:00:00µ2021-09-19 02:00:00µ2021-09-26 04:00:00µ2021-09-29 04:05:00µ2021-10-04 00:01:00µ2021-10-09 03:30:00µ2021-10-17 02:00:00µ2021-10-20 02:05:00µ2021-10-24 02:00:00µ2021-11-01 00:05:00µ2021-11-07 02:00:00µ2021-11-25 02:00:00µ2021-11-28 02:00:00
59,282390,2022-01-08,10:45,2022,54,A-League,Journée 9,1671,70,Melbourne Victory,Adelaide United,Melbourne Victory - Adelaide United,1-1,1,1,1,595.0,568.0,40.0,39.0,4.0,38.0,1.42,1.31,2µ4µ1µ-17µ3µ0µ2µ1µ4,2021-11-20 09:45:00µ2021-11-28 06:05:00µ2021-12-01 10:00:00µ2021-12-05 08:45:00µ2021-12-11 09:45:00µ2021-12-18 09:45:00µ2021-12-26 09:45:00µ2021-12-30 10:30:00µ2022-01-05 09:45:00,3µ1µ-1µ1µ0µ-5µ-6µ2µ-5,2021-09-26 07:00:00µ2021-10-17 06:30:00µ2021-11-20 12:05:00µ2021-11-27 09:45:00µ2021-12-04 07:05:00µ2021-12-11 09:45:00µ2021-12-17 09:45:00µ2022-01-01 09:45:00µ2022-01-05 09:45:00
42,49988,2022-01-08,12:30,2022,37,Süper Lig,Journée 20,12892,12946,Gaziantep BB,Fatih Karagümrük,Gaziantep BB - Fatih Karagümrük,3-1,3,1,0,905.0,486.0,49.0,36.0,37.0,27.0,2.33,1.1,0µ-18µ-12µ-1µ-1µ-35µ18µ-28µ31µ17µ36µ-23µ6µ19µ-24µ-17µ0µ24µ-1µ32µ0µ-17µ37µ6µ30µ22µ13,2021-07-14 16:00:00µ2021-07-16 17:00:00µ2021-07-25 17:00:00µ2021-07-27 18:00:00µ2021-07-31 16:00:00µ2021-08-14 18:15:00µ2021-08-21 20:45:00µ2021-08-28 18:15:00µ2021-09-13 19:00:00µ2021-09-18 12:30:00µ2021-09-22 16:00:00µ2021-09-25 18:00:00µ2021-10-03 15:00:00µ2021-10-10 15:00:00µ2021-10-18 19:00:00µ2021-10-23 15:00:00µ2021-10-31 17:00:00µ2021-11-05 18:00:00µ2021-11-22 18:00:00µ2021-11-28 11:30:00µ2021-12-02 19:00:00µ2021-12-06 18:00:00µ2021-12-13 18:30:00µ2021-12-19 14:00:00µ2021-12-22 18:00:00µ2021-12-26 11:30:00µ2021-12-30 16:30:00,33µ17µ0µ0µ64µ34µ15µ-1µ56µ32µ13µ7µ-3µ19µ1µ48µ0µ2µ-34µ-2µ31µ19µ18µ6,2021-08-14 18:15:00µ2021-08-21 18:15:00µ2021-08-28 20:45:00µ2021-09-04 17:00:00µ2021-09-11 16:00:00µ2021-09-17 19:00:00µ2021-09-21 16:00:00µ2021-09-25 12:30:00µ2021-10-01 19:00:00µ2021-10-10 11:00:00µ2021-10-17 15:00:00µ2021-10-24 12:30:00µ2021-10-31 11:30:00µ2021-11-07 14:00:00µ2021-11-13 11:00:00µ2021-11-21 11:30:00µ2021-11-28 14:00:00µ2021-12-01 13:00:00µ2021-12-05 14:00:00µ2021-12-11 11:30:00µ2021-12-19 14:00:00µ2021-12-22 18:00:00µ2021-12-26 14:00:00µ2021-12-29 13:00:00
4,302708,2022-01-08,14:15,2022,139,FA Cup,1/32,2807,1689,Mansfield Town,Middlesbrough,Mansfield Town - Middlesbrough,2-3,2,3,2,202.0,1928.0,14.0,70.0,3.0,15.0,0.99,2.32,-1µ-29µ14µ37µ32µ63µ8µ-1µ7µ1µ-8µ-14µ-7µ-25µ-22µ-3µ0µ-17µ0µ-2µ-18µ-5µ-9µ10µ37µ3µ11µ8µ-19µ11µ30µ8µ3µ5,2021-07-16 20:30:00µ2021-07-20 17:00:00µ2021-07-23 20:30:00µ2021-07-24 13:00:00µ2021-07-27 20:00:00µ2021-07-28 20:30:00µ2021-08-07 16:00:00µ2021-08-10 20:45:00µ2021-08-14 16:00:00µ2021-08-17 20:45:00µ2021-08-21 16:00:00µ2021-08-28 16:00:00µ2021-08-31 20:45:00µ2021-09-04 16:00:00µ2021-09-11 16:00:00µ2021-09-18 16:00:00µ2021-09-25 16:00:00µ2021-10-02 16:00:00µ2021-10-05 20:00:00µ2021-10-09 16:00:00µ2021-10-16 16:00:00µ2021-10-19 20:45:00µ2021-10-23 16:00:00µ2021-10-30 16:00:00µ2021-11-06 16:00:00µ2021-11-09 20:45:00µ2021-11-13 16:00:00µ2021-11-20 16:00:00µ2021-11-23 20:45:00µ2021-11-27 16:00:00µ2021-12-04 16:00:00µ2021-12-07 20:45:00µ2021-12-11 16:00:00µ2021-12-26 16:00:00,6µ2µ7µ0µ-38µ1µ4µ-118µ9µ-37µ-9µ-13µ-62µ28µ-41µ-34µ18µ-54µ1µ8µ29µ-61µ-46µ2µ-12µ-30µ7µ35µ15µ38µ22µ2,2021-07-14 20:00:00µ2021-07-19 20:00:00µ2021-07-21 20:00:00µ2021-07-23 20:00:00µ2021-07-27 20:00:00µ2021-07-30 20:00:00µ2021-08-08 14:30:00µ2021-08-11 20:45:00µ2021-08-14 16:00:00µ2021-08-18 20:45:00µ2021-08-21 16:00:00µ2021-08-28 16:00:00µ2021-09-11 16:00:00µ2021-09-15 20:45:00µ2021-09-18 16:00:00µ2021-09-25 13:30:00µ2021-09-28 20:45:00µ2021-10-02 16:00:00µ2021-10-16 16:00:00µ2021-10-20 20:45:00µ2021-10-23 13:30:00µ2021-10-30 16:00:00µ2021-11-02 20:45:00µ2021-11-06 16:00:00µ2021-11-20 16:00:00µ2021-11-23 20:45:00µ2021-11-27 16:00:00µ2021-12-04 16:00:00µ2021-12-11 16:00:00µ2021-12-18 13:30:00µ2021-12-26 16:00:00µ2021-12-29 20:45:00
5,302703,2022-01-08,14:30,2022,139,FA Cup,1/32,9189,916,Coventry City,Derby County,Coventry City - Derby County,1-0,1,0,0,724.0,1411.0,44.0,60.0,42.0,-30.0,1.68,0.91,1µ0µ-52µ-35µ-38µ39µ-70µ-8µ23µ35µ-4µ60µ40µ19µ50µ-7µ72µ18µ-2µ18µ27µ0µ38µ21µ2µ21µ-2µ15µ-5,2021-07-10 14:00:00µ2021-07-17 19:00:00µ2021-07-24 16:00:00µ2021-07-27 20:00:00µ2021-08-01 14:00:00µ2021-08-08 17:30:00µ2021-08-11 20:45:00µ2021-08-14 16:00:00µ2021-08-17 20:45:00µ2021-08-21 16:00:00µ2021-08-28 16:00:00µ2021-09-11 16:00:00µ2021-09-15 20:45:00µ2021-09-18 16:00:00µ2021-09-24 20:45:00µ2021-09-29 20:45:00µ2021-10-02 13:30:00µ2021-10-16 16:00:00µ2021-10-20 20:45:00µ2021-10-23 16:00:00µ2021-10-30 16:00:00µ2021-11-02 20:45:00µ2021-11-06 16:00:00µ2021-11-20 13:30:00µ2021-11-23 20:45:00µ2021-11-27 16:00:00µ2021-12-04 13:30:00µ2021-12-11 13:30:00µ2021-12-29 20:45:00,0µ0µ38µ0µ-10µ-36µ-29µ14µ4µ-36µ-3µ-56µ8µ34µ-21µ7µ16µ2µ-11µ-19µ-31µ-32µ-3µ39µ19µ-28µ-24µ1µ20µ38µ-1,2021-07-18 14:00:00µ2021-07-24 16:00:00µ2021-07-28 20:00:00µ2021-08-01 14:00:00µ2021-08-07 16:00:00µ2021-08-10 20:45:00µ2021-08-14 13:30:00µ2021-08-18 20:45:00µ2021-08-21 16:00:00µ2021-08-24 20:45:00µ2021-08-28 13:30:00µ2021-09-10 21:00:00µ2021-09-14 21:00:00µ2021-09-18 16:00:00µ2021-09-25 16:00:00µ2021-09-29 20:45:00µ2021-10-02 16:00:00µ2021-10-16 16:00:00µ2021-10-19 20:45:00µ2021-10-23 16:00:00µ2021-10-30 16:00:00µ2021-11-03 20:45:00µ2021-11-06 16:00:00µ2021-11-21 13:00:00µ2021-11-24 20:45:00µ2021-11-29 20:45:00µ2021-12-04 16:00:00µ2021-12-11 16:00:00µ2021-12-27 16:00:00µ2021-12-30 20:45:00µ2022-01-03 16:00:00
6,302704,2022-01-08,14:30,2022,139,FA Cup,1/32,569,1337,Burnley,Huddersfield Town,Burnley - Huddersfield Town,1-2,1,2,2,1813.0,1036.0,68.0,52.0,-35.0,5.0,1.34,0.99,0µ0µ-47µ-60µ0µ6µ-17µ-9µ-1µ0µ41µ24µ0µ34µ0µ58µ43µ5µ17µ-42µ39µ0µ-124,2021-07-24 14:00:00µ2021-07-27 20:45:00µ2021-08-07 15:00:00µ2021-08-14 16:00:00µ2021-08-21 13:30:00µ2021-08-25 20:45:00µ2021-08-29 15:00:00µ2021-09-13 21:00:00µ2021-09-18 16:00:00µ2021-09-21 20:45:00µ2021-09-25 16:00:00µ2021-10-02 16:00:00µ2021-10-16 16:00:00µ2021-10-23 16:00:00µ2021-10-27 20:45:00µ2021-10-30 16:00:00µ2021-11-06 16:00:00µ2021-11-20 16:00:00µ2021-12-01 20:30:00µ2021-12-04 16:00:00µ2021-12-12 15:00:00µ2021-12-30 21:15:00µ2022-01-02 15:00:00,0µ57µ-1µ-37µ18µ5µ-27µ31µ31µ0µ38µ-2µ18µ-19µ-1µ22µ5µ9µ-13µ-1µ25µ-15µ-10µ31µ-11µ-11µ0µ-17µ29µ4µ34µ18,2021-07-10 16:00:00µ2021-07-17 16:00:00µ2021-07-23 14:30:00µ2021-07-27 20:00:00µ2021-08-01 14:00:00µ2021-08-07 16:00:00µ2021-08-14 16:00:00µ2021-08-17 20:45:00µ2021-08-21 16:00:00µ2021-08-24 20:45:00µ2021-08-28 16:00:00µ2021-09-11 16:00:00µ2021-09-14 20:45:00µ2021-09-18 16:00:00µ2021-09-25 16:00:00µ2021-09-28 20:45:00µ2021-10-02 16:00:00µ2021-10-16 16:00:00µ2021-10-20 20:45:00µ2021-10-23 16:00:00µ2021-10-30 16:00:00µ2021-11-02 20:45:00µ2021-11-06 16:00:00µ2021-11-20 16:00:00µ2021-11-24 20:45:00µ2021-11-27 16:00:00µ2021-12-04 16:00:00µ2021-12-11 13:30:00µ2021-12-18 16:00:00µ2021-12-26 16:00:00µ2021-12-30 20:45:00µ2022-01-02 15:00:00
7,302709,2022-01-08,14:30,2022,139,FA Cup,1/32,9180,508,Hartlepool United,Blackpool,Hartlepool United - Blackpool,2-1,2,1,0,352.0,500.0,28.0,36.0,24.0,68.0,1.59,1.84,5µ8µ-2µ66µ-25µ8µ-16µ-11µ7µ12µ2µ-8µ9µ-13µ4µ2µ-9µ-3µ9µ-18µ21µ7µ-13µ1µ8µ-8µ31µ-15µ-16µ-13µ21µ28µ11µ-3µ-7µ4µ11,2021-06-06 15:30:00µ2021-06-13 13:00:00µ2021-06-20 15:00:00µ2021-07-17 16:00:00µ2021-07-27 20:00:00µ2021-08-07 16:00:00µ2021-08-10 20:00:00µ2021-08-14 16:00:00µ2021-08-21 16:00:00µ2021-08-28 16:00:00µ2021-08-31 20:00:00µ2021-09-04 16:00:00µ2021-09-11 16:00:00µ2021-09-14 20:45:00µ2021-09-18 16:00:00µ2021-09-25 16:00:00µ2021-10-02 16:00:00µ2021-10-05 20:00:00µ2021-10-09 16:00:00µ2021-10-16 16:00:00µ2021-10-19 20:45:00µ2021-10-23 16:00:00µ2021-10-30 16:00:00µ2021-11-02 20:00:00µ2021-11-06 16:00:00µ2021-11-12 20:45:00µ2021-11-16 20:45:00µ2021-11-20 16:00:00µ2021-11-23 20:45:00µ2021-11-27 16:00:00µ2021-12-01 20:00:00µ2021-12-04 16:00:00µ2021-12-08 20:45:00µ2021-12-11 16:00:00µ2021-12-26 16:00:00µ2022-01-01 16:00:00µ2022-01-04 20:00:00,29µ1µ6µ65µ8µ-49µ13µ0µ-17µ0µ18µ112µ-5µ-29µ21µ-43µ-5µ39µ-27µ40µ29µ10µ33µ-1µ38µ60µ42µ0µ18µ21µ19µ-12µ-10µ-2µ25µ-6µ-3µ42,2021-05-18 19:00:00µ2021-05-21 20:45:00µ2021-05-30 16:00:00µ2021-07-09 20:30:00µ2021-07-10 16:00:00µ2021-07-17 13:30:00µ2021-07-24 16:00:00µ2021-07-27 20:45:00µ2021-07-31 16:00:00µ2021-08-03 19:00:00µ2021-08-07 16:00:00µ2021-08-11 20:45:00µ2021-08-14 16:00:00µ2021-08-17 20:45:00µ2021-08-21 16:00:00µ2021-08-24 20:45:00µ2021-08-28 16:00:00µ2021-09-11 16:00:00µ2021-09-14 20:45:00µ2021-09-18 16:00:00µ2021-09-25 16:00:00µ2021-09-28 20:45:00µ2021-10-02 16:00:00µ2021-10-16 16:00:00µ2021-10-20 21:00:00µ2021-10-23 16:00:00µ2021-10-30 16:00:00µ2021-11-03 20:45:00µ2021-11-06 18:30:00µ2021-11-20 16:00:00µ2021-11-23 20:45:00µ2021-11-27 16:00:00µ2021-12-04 16:00:00µ2021-12-11 16:00:00µ2021-12-18 16:00:00µ2021-12-26 16:00:00µ2021-12-29 20:45:00µ2022-01-01 16:00:00
8,302711,2022-01-08,14:30,2022,139,FA Cup,1/32,548,1183,Bristol City,Fulham,Bristol City - Fulham,0-1,0,1,2,1109.0,1426.0,54.0,61.0,-13.0,82.0,1.08,2.02,-19µ-18µ1µ1µ1µ-1µ-19µ-36µ-14µ19µ-4µ23µ-3µ-9µ21µ5µ-22µ8µ-5µ-24µ-26µ8µ-65µ-40µ-8µ37µ-6µ18µ-16µ-34µ-24µ4,2021-07-14 20:45:00µ2021-07-20 15:00:00µ2021-07-24 14:30:00µ2021-07-27 14:00:00µ2021-07-27 19:00:00µ2021-07-31 14:00:00µ2021-08-07 16:00:00µ2021-08-10 20:45:00µ2021-08-14 16:00:00µ2021-08-17 21:00:00µ2021-08-20 20:45:00µ2021-08-28 13:30:00µ2021-09-11 16:00:00µ2021-09-15 20:45:00µ2021-09-18 16:00:00µ2021-09-25 16:00:00µ2021-09-29 20:45:00µ2021-10-02 16:00:00µ2021-10-16 16:00:00µ2021-10-19 20:45:00µ2021-10-23 16:00:00µ2021-10-30 16:00:00µ2021-11-02 20:45:00µ2021-11-06 16:00:00µ2021-11-20 16:00:00µ2021-11-24 20:45:00µ2021-11-28 13:30:00µ2021-12-04 16:00:00µ2021-12-11 16:00:00µ2021-12-18 16:00:00µ2021-12-30 20:45:00µ2022-01-02 14:00:00,0µ-10µ18µ11µ7µ8µ51µ-40µ5µ-38µ31µ-10µ46µ-73µ2µ2µ5µ4µ3µ0µ1µ-20µ-19µ-6µ-20µ-36,2021-07-31 16:00:00µ2021-08-08 14:30:00µ2021-08-14 16:00:00µ2021-08-17 20:45:00µ2021-08-21 16:00:00µ2021-08-24 20:45:00µ2021-08-28 16:00:00µ2021-09-11 16:00:00µ2021-09-15 20:45:00µ2021-09-18 16:00:00µ2021-09-21 20:45:00µ2021-09-25 16:00:00µ2021-09-29 20:45:00µ2021-10-02 13:30:00µ2021-10-16 13:30:00µ2021-10-20 20:45:00µ2021-10-24 16:00:00µ2021-10-30 13:30:00µ2021-11-03 20:45:00µ2021-11-06 16:00:00µ2021-11-20 16:00:00µ2021-11-24 20:45:00µ2021-11-27 13:30:00µ2021-12-03 20:45:00µ2021-12-11 16:00:00µ2021-12-20 20:45:00
9,302713,2022-01-08,14:45,2022,139,FA Cup,1/32,1694,860,Millwall,Crystal Palace,Millwall - Crystal Palace,1-2,1,2,2,800.0,2050.0,46.0,73.0,-5.0,-12.0,0.93,1.48,45µ-18µ3µ-2µ4µ-2µ-17µ-20µ1µ3µ10µ19µ-20µ0µ5µ16µ15µ-46µ38µ37µ-30µ9µ-4µ7µ19µ-38µ6µ-39µ3µ-6,2021-07-10 13:30:00µ2021-07-27 20:00:00µ2021-07-31 16:00:00µ2021-08-07 16:00:00µ2021-08-10 20:45:00µ2021-08-14 16:00:00µ2021-08-17 20:45:00µ2021-08-21 16:00:00µ2021-08-24 20:45:00µ2021-08-28 16:00:00µ2021-09-11 16:00:00µ2021-09-15 20:45:00µ2021-09-18 16:00:00µ2021-09-22 20:45:00µ2021-09-25 16:00:00µ2021-09-29 20:45:00µ2021-10-02 16:00:00µ2021-10-16 16:00:00µ2021-10-19 20:45:00µ2021-10-23 16:00:00µ2021-10-30 16:00:00µ2021-11-02 20:45:00µ2021-11-06 16:00:00µ2021-11-20 16:00:00µ2021-11-24 20:45:00µ2021-11-27 16:00:00µ2021-12-04 16:00:00µ2021-12-11 16:00:00µ2021-12-29 20:45:00µ2022-01-02 14:00:00,0µ-38µ0µ-19µ0µ2µ0µ-29µ-58µ33µ149µ0µ-23µ38µ42µ-21µ129µ46µ-17µ-45µ-63µ0µ86µ10µ-2µ17µ-20,2021-07-17 14:00:00µ2021-07-23 20:00:00µ2021-07-24 16:00:00µ2021-07-27 19:00:00µ2021-07-31 16:00:00µ2021-08-07 16:00:00µ2021-08-14 16:00:00µ2021-08-21 16:00:00µ2021-08-24 20:45:00µ2021-08-28 16:00:00µ2021-09-11 13:30:00µ2021-09-18 16:00:00µ2021-09-27 21:00:00µ2021-10-03 15:00:00µ2021-10-18 21:00:00µ2021-10-23 16:00:00µ2021-10-30 16:00:00µ2021-11-06 16:00:00µ2021-11-20 16:00:00µ2021-11-27 16:00:00µ2021-11-30 21:15:00µ2021-12-05 15:00:00µ2021-12-12 17:30:00µ2021-12-15 20:30:00µ2021-12-26 16:00:00µ2021-12-28 16:00:00µ2022-01-01 18:30:00
54,3764,2022-01-08,15:00,2022,97,Liga A1,Temporada Regular,4429,3707,Hapoel Haifa,Hapoel Tel Aviv,Hapoel Haifa - Hapoel Tel Aviv,0-2,0,2,2,444.0,726.0,33.0,44.0,2.0,41.0,1.32,1.68,-4µ2µ3µ3µ3µ0µ5µ5µ14µ-11µ5µ-4µ3µ-4µ-4µ-4µ-3µ-5µ-5µ-5µ2µ4,2021-07-31 19:00:00µ2021-08-03 19:00:00µ2021-08-07 18:30:00µ2021-08-10 19:30:00µ2021-08-22 19:30:00µ2021-08-28 17:45:00µ2021-09-12 18:00:00µ2021-09-19 18:30:00µ2021-09-25 19:00:00µ2021-10-02 18:00:00µ2021-10-16 18:00:00µ2021-10-24 19:15:00µ2021-10-31 18:00:00µ2021-11-06 17:00:00µ2021-11-28 19:15:00µ2021-12-02 19:30:00µ2021-12-06 19:15:00µ2021-12-11 16:30:00µ2021-12-16 18:45:00µ2021-12-21 18:15:00µ2021-12-25 14:00:00µ2022-01-01 16:30:00,11µ5µ-18µ3µ0µ5µ0µ-4µ1µ7µ-3µ-16µ-4µ6µ3µ-23µ4µ-9µ-3µ-6µ0µ-15µ4µ5µ2,2021-07-15 17:00:00µ2021-07-21 17:00:00µ2021-07-23 17:30:00µ2021-08-01 19:30:00µ2021-08-07 19:30:00µ2021-08-11 19:30:00µ2021-08-15 19:30:00µ2021-08-22 19:45:00µ2021-08-28 19:30:00µ2021-09-11 17:00:00µ2021-09-18 19:00:00µ2021-09-25 19:00:00µ2021-10-02 17:00:00µ2021-10-18 19:45:00µ2021-10-23 17:00:00µ2021-10-31 19:15:00µ2021-11-07 19:45:00µ2021-11-28 19:45:00µ2021-12-01 19:15:00µ2021-12-05 18:30:00µ2021-12-11 18:50:00µ2021-12-18 19:30:00µ2021-12-21 18:45:00µ2021-12-25 16:30:00µ2022-01-01 14:00:00
44,49996,2022-01-08,15:00,2022,37,Süper Lig,Journée 20,10062,12919,Kasimpasa,Hatayspor,Kasimpasa - Hatayspor,3-1,3,1,0,1736.0,494.0,67.0,36.0,13.0,10.0,2.83,0.79,0µ56µ-1µ-2µ-4µ-15µ6µ19µ-67µ-30µ-2µ-14µ9µ0µ-23µ-13µ17µ-32µ-51µ-7µ0µ18µ-1µ-10µ5µ2µ0,2021-07-10 18:00:00µ2021-07-15 18:00:00µ2021-07-19 18:00:00µ2021-07-26 18:00:00µ2021-07-31 18:00:00µ2021-08-14 20:45:00µ2021-08-21 18:15:00µ2021-08-29 18:15:00µ2021-09-04 17:00:00µ2021-09-11 19:00:00µ2021-09-18 15:00:00µ2021-09-23 19:00:00µ2021-09-27 19:00:00µ2021-10-03 15:00:00µ2021-10-17 12:30:00µ2021-10-23 12:30:00µ2021-10-30 12:30:00µ2021-11-05 18:00:00µ2021-11-21 11:30:00µ2021-11-26 18:00:00µ2021-11-30 11:00:00µ2021-12-03 18:00:00µ2021-12-11 14:00:00µ2021-12-18 11:30:00µ2021-12-21 15:00:00µ2021-12-25 11:30:00µ2021-12-28 11:00:00,18µ19µ13µ0µ70µ48µ28µ46µ0µ42µ19µ-11µ37µ-20µ35µ-4µ-13µ-3µ4µ0µ-5µ6µ6,2021-07-28 16:00:00µ2021-08-03 18:00:00µ2021-08-14 20:45:00µ2021-08-23 20:45:00µ2021-08-28 20:45:00µ2021-09-12 16:00:00µ2021-09-19 18:00:00µ2021-09-22 19:00:00µ2021-09-26 15:00:00µ2021-10-03 12:30:00µ2021-10-18 19:00:00µ2021-10-24 12:30:00µ2021-10-30 15:00:00µ2021-11-07 14:00:00µ2021-11-20 11:30:00µ2021-11-28 14:00:00µ2021-12-01 19:00:00µ2021-12-05 14:00:00µ2021-12-10 18:00:00µ2021-12-18 14:00:00µ2021-12-22 15:00:00µ2021-12-25 14:00:00µ2021-12-28 13:00:00
43,49994,2022-01-08,15:00,2022,37,Süper Lig,Journée 20,5468,1394,Alanyaspor,İstanbul Başakşehir,Alanyaspor - İstanbul Başakşehir,1-1,1,1,1,1017.0,1990.0,52.0,72.0,22.0,-11.0,1.38,1.28,-35µ-38µ-18µ9µ-39µ30µ-65µ-72µ1µ37µ9µ16µ6µ11µ37µ-15µ-41µ55µ-52µ0µ-21µ7µ-54µ-33µ-18µ13,2021-07-13 17:00:00µ2021-07-17 19:00:00µ2021-07-28 16:00:00µ2021-08-03 13:00:00µ2021-08-08 19:00:00µ2021-08-15 18:15:00µ2021-08-21 20:45:00µ2021-08-28 20:45:00µ2021-09-13 19:00:00µ2021-09-19 15:00:00µ2021-09-23 19:00:00µ2021-09-27 19:00:00µ2021-10-02 12:30:00µ2021-10-18 19:00:00µ2021-10-24 18:00:00µ2021-10-31 14:00:00µ2021-11-05 18:00:00µ2021-11-20 17:00:00µ2021-11-27 11:30:00µ2021-12-01 15:00:00µ2021-12-04 11:30:00µ2021-12-12 14:00:00µ2021-12-18 17:00:00µ2021-12-22 18:00:00µ2021-12-26 14:00:00µ2021-12-29 11:00:00,3µ-6µ3µ-19µ-19µ-33µ-33µ-37µ0µ-36µ53µ-37µ2µ-56µ0µ35µ2µ0µ2µ6µ-19µ-13µ1µ1µ16µ0µ8,2021-07-24 18:00:00µ2021-07-27 18:00:00µ2021-07-31 18:00:00µ2021-08-03 18:00:00µ2021-08-06 18:00:00µ2021-08-15 18:15:00µ2021-08-22 18:15:00µ2021-08-28 18:15:00µ2021-09-04 17:00:00µ2021-09-12 19:00:00µ2021-09-19 18:00:00µ2021-09-22 16:00:00µ2021-09-26 15:00:00µ2021-10-01 19:00:00µ2021-10-08 16:00:00µ2021-10-15 19:00:00µ2021-10-24 15:00:00µ2021-11-01 18:00:00µ2021-11-06 14:00:00µ2021-11-20 14:00:00µ2021-11-26 18:00:00µ2021-11-30 15:00:00µ2021-12-05 14:00:00µ2021-12-11 14:00:00µ2021-12-18 17:00:00µ2021-12-21 15:00:00µ2021-12-25 17:00:00
0,20973,2022-01-08,15:00,2022,1,Liga Santander,Journée 20,1547,1623,Levante,Mallorca,Levante - Mallorca,2-0,2,0,0,1669.0,1340.0,65.0,59.0,-10.0,11.0,1.56,1.02,33µ0µ2µ18µ-2µ-9µ-12µ2µ-21µ40µ-3µ-36µ-37µ-47µ0µ-46µ9µ-1µ39µ-83µ-61µ30µ-10µ0µ6µ-62µ-32µ-5µ0,2021-07-24 18:00:00µ2021-07-25 10:00:00µ2021-07-27 19:00:00µ2021-07-29 19:30:00µ2021-07-30 19:00:00µ2021-08-04 20:00:00µ2021-08-06 20:00:00µ2021-08-07 21:00:00µ2021-08-14 19:30:00µ2021-08-22 22:00:00µ2021-08-28 19:30:00µ2021-09-11 18:30:00µ2021-09-18 18:30:00µ2021-09-21 22:00:00µ2021-09-26 16:15:00µ2021-10-02 16:15:00µ2021-10-16 18:30:00µ2021-10-24 14:00:00µ2021-10-28 21:30:00µ2021-11-01 21:00:00µ2021-11-06 18:30:00µ2021-11-19 21:00:00µ2021-11-28 14:00:00µ2021-12-02 19:00:00µ2021-12-05 18:30:00µ2021-12-11 14:00:00µ2021-12-14 21:00:00µ2021-12-20 21:00:00µ2022-01-03 19:00:00,0µ0µ38µ28µ17µ-24µ32µ31µ22µ44µ-8µ36µ0µ-36µ35µ0µ39µ40µ20µ-22µ-85µ32µ0µ79µ34µ1µ-12µ0µ62,2021-07-18 20:00:00µ2021-07-21 20:00:00µ2021-07-24 20:00:00µ2021-07-27 20:00:00µ2021-08-01 18:30:00µ2021-08-04 19:00:00µ2021-08-07 20:30:00µ2021-08-14 19:30:00µ2021-08-21 17:00:00µ2021-08-27 20:00:00µ2021-09-11 21:00:00µ2021-09-19 14:00:00µ2021-09-22 22:00:00µ2021-09-26 14:00:00µ2021-10-02 16:15:00µ2021-10-16 21:00:00µ2021-10-23 14:00:00µ2021-10-27 19:00:00µ2021-10-31 14:00:00µ2021-11-07 18:30:00µ2021-11-22 21:00:00µ2021-11-27 18:30:00µ2021-12-01 19:00:00µ2021-12-04 18:30:00µ2021-12-10 21:00:00µ2021-12-16 19:00:00µ2021-12-19 14:00:00µ2022-01-02 21:00:00µ2022-01-05 16:00:00
46,16740,2022-01-08,16:00,2022,92,Ligue 2,Journée 20,1527,2355,Le Havre,Sochaux,Le Havre - Sochaux,0-1,0,1,2,1218.0,1465.0,56.0,61.0,-31.0,31.0,0.87,1.5,-5µ-41µ1µ-19µ15µ11µ1µ25µ-22µ-12µ5µ-14µ2µ4µ1µ13µ26µ3µ3µ-24µ-6µ0µ-10µ-24µ7µ-21µ16,2019-08-13 20:00:00µ2021-07-02 17:00:00µ2021-07-07 18:00:00µ2021-07-10 18:00:00µ2021-07-17 15:00:00µ2021-07-17 16:45:00µ2021-07-24 19:00:00µ2021-07-31 19:00:00µ2021-08-07 19:00:00µ2021-08-14 19:00:00µ2021-08-21 19:00:00µ2021-08-28 19:00:00µ2021-09-13 20:45:00µ2021-09-18 19:00:00µ2021-09-21 20:00:00µ2021-09-24 21:00:00µ2021-10-02 19:00:00µ2021-10-16 19:00:00µ2021-10-23 19:00:00µ2021-10-30 19:00:00µ2021-11-06 19:00:00µ2021-11-13 17:00:00µ2021-11-20 19:00:00µ2021-11-28 15:00:00µ2021-12-03 21:00:00µ2021-12-11 15:00:00µ2021-12-21 20:45:00,-36µ29µ-35µ0µ20µ-31µ14µ4µ-7µ3µ-20µ8µ16µ-7µ4µ2µ-15µ0µ-23µ6µ-19µ12µ3µ-14µ19µ-8,2019-08-13 20:00:00µ2021-07-02 18:00:00µ2021-07-10 11:00:00µ2021-07-16 18:00:00µ2021-07-26 20:45:00µ2021-07-31 19:00:00µ2021-08-07 15:00:00µ2021-08-14 19:00:00µ2021-08-21 19:00:00µ2021-08-28 19:00:00µ2021-09-11 19:00:00µ2021-09-18 15:00:00µ2021-09-21 20:00:00µ2021-09-24 21:00:00µ2021-10-02 19:00:00µ2021-10-16 19:00:00µ2021-10-23 19:00:00µ2021-10-30 19:00:00µ2021-11-06 15:00:00µ2021-11-13 14:30:00µ2021-11-20 15:00:00µ2021-11-27 16:00:00µ2021-12-03 21:00:00µ2021-12-11 19:00:00µ2021-12-18 16:00:00µ2021-12-21 20:45:00
33,15703,2022-01-08,16:30,2022,8,Bundesliga,Journée 18,2286,258,SC Freiburg,Arminia Bielefeld,SC Freiburg - Arminia Bielefeld,2-2,2,2,1,1742.0,1195.0,67.0,56.0,46.0,26.0,2.74,1.26,0µ-19µ18µ-24µ0µ-26µ62µ37µ-1µ16µ48µ40µ1µ30µ85µ-24µ1µ0µ1µ-15µ-58µ128µ-22µ-10µ57,2021-07-10 15:00:00µ2021-07-16 15:00:00µ2021-07-23 14:00:00µ2021-07-31 16:30:00µ2021-08-08 18:30:00µ2021-08-14 15:30:00µ2021-08-21 15:30:00µ2021-08-28 15:30:00µ2021-09-11 15:30:00µ2021-09-18 15:30:00µ2021-09-26 17:30:00µ2021-10-02 15:30:00µ2021-10-07 18:15:00µ2021-10-16 15:30:00µ2021-10-23 15:30:00µ2021-10-26 20:45:00µ2021-10-30 15:30:00µ2021-11-06 15:30:00µ2021-11-11 13:00:00µ2021-11-21 15:30:00µ2021-11-27 15:30:00µ2021-12-05 17:30:00µ2021-12-11 15:30:00µ2021-12-15 20:30:00µ2021-12-19 15:30:00,-67µ3µ-6µ9µ0µ22µ-3µ31µ0µ30µ-5µ0µ27µ0µ-2µ-4µ57µ30µ0µ26µ-4µ41µ93,2021-07-03 15:00:00µ2021-07-10 15:00:00µ2021-07-23 16:15:00µ2021-07-31 15:30:00µ2021-08-07 15:30:00µ2021-08-14 15:30:00µ2021-08-21 15:30:00µ2021-08-28 15:30:00µ2021-09-12 19:30:00µ2021-09-18 15:30:00µ2021-09-25 15:30:00µ2021-10-03 19:30:00µ2021-10-17 17:30:00µ2021-10-23 15:30:00µ2021-10-26 20:45:00µ2021-10-30 15:30:00µ2021-11-06 15:30:00µ2021-11-20 15:30:00µ2021-11-27 18:30:00µ2021-12-04 15:30:00µ2021-12-11 15:30:00µ2021-12-14 20:30:00µ2021-12-18 15:30:00
32,15702,2022-01-08,16:30,2022,8,Bundesliga,Journée 18,2542,1039,Hoffenheim,FC Augsburg,Hoffenheim - FC Augsburg,3-1,3,1,0,2237.0,2140.0,76.0,74.0,48.0,-12.0,2.24,0.83,-38µ-19µ5µ0µ15µ-28µ-1µ-78µ-30µ44µ-79µ16µ0µ0µ13µ-92µ82µ0µ30µ15µ23µ21,2021-07-17 13:30:00µ2021-07-24 14:00:00µ2021-07-31 15:30:00µ2021-08-09 18:30:00µ2021-08-14 15:30:00µ2021-08-22 15:30:00µ2021-08-27 20:30:00µ2021-09-11 15:30:00µ2021-09-18 15:30:00µ2021-09-25 15:30:00µ2021-10-02 15:30:00µ2021-10-15 20:30:00µ2021-10-23 15:30:00µ2021-10-26 18:30:00µ2021-10-29 20:30:00µ2021-11-06 15:30:00µ2021-11-20 15:30:00µ2021-11-27 15:30:00µ2021-12-04 15:30:00µ2021-12-11 15:30:00µ2021-12-15 20:30:00µ2021-12-18 15:30:00,-18µ-19µ0µ32µ0µ-24µ28µ-6µ-7µ58µ-64µ0µ0µ-29µ-40µ-22µ42µ-6µ62µ10µ-59µ56µ30µ-30,2021-07-07 13:30:00µ2021-07-15 18:00:00µ2021-07-21 19:00:00µ2021-07-31 15:30:00µ2021-08-07 15:30:00µ2021-08-14 15:30:00µ2021-08-21 15:30:00µ2021-08-28 15:30:00µ2021-09-11 15:30:00µ2021-09-18 15:30:00µ2021-09-26 17:30:00µ2021-10-02 15:30:00µ2021-10-07 16:00:00µ2021-10-17 17:30:00µ2021-10-22 20:30:00µ2021-10-27 18:30:00µ2021-10-31 15:30:00µ2021-11-06 15:30:00µ2021-11-19 20:30:00µ2021-11-27 15:30:00µ2021-12-04 15:30:00µ2021-12-10 20:30:00µ2021-12-15 20:30:00µ2021-12-18 15:30:00
31,15701,2022-01-08,16:30,2022,8,Bundesliga,Journée 18,9750,2987,RB Leipzig,Mainz 05,RB Leipzig - Mainz 05,4-1,4,1,0,1569.0,2319.0,64.0,78.0,15.0,24.0,1.36,1.62,1µ-38µ-16µ0µ-62µ0µ-58µ-7µ-1µ-31µ1µ-83µ0µ-38µ-31µ-1µ0µ0µ-25µ42µ45µ0µ-86µ27µ-73µ-62µ85µ27µ-30µ-93,2021-07-17 16:00:00µ2021-07-23 18:00:00µ2021-07-31 16:00:00µ2021-08-07 15:30:00µ2021-08-15 15:30:00µ2021-08-20 20:30:00µ2021-08-29 17:30:00µ2021-09-11 18:30:00µ2021-09-15 21:00:00µ2021-09-18 18:30:00µ2021-09-25 15:30:00µ2021-09-28 21:00:00µ2021-10-02 18:30:00µ2021-10-06 15:30:00µ2021-10-16 15:30:00µ2021-10-19 21:00:00µ2021-10-23 15:30:00µ2021-10-26 18:30:00µ2021-10-30 18:30:00µ2021-11-03 21:00:00µ2021-11-06 18:30:00µ2021-11-11 17:30:00µ2021-11-20 15:30:00µ2021-11-24 21:00:00µ2021-11-28 17:30:00µ2021-12-03 20:30:00µ2021-12-07 18:45:00µ2021-12-11 15:30:00µ2021-12-15 20:30:00µ2021-12-18 15:30:00,0µ-38µ0µ17µ-25µ61µ-62µ2µ-19µ70µ-21µ-4µ-50µ-19µ0µ26µ1µ2µ27µ-12µ-43µ77µ0µ39µ-9,2021-07-09 16:00:00µ2021-07-23 18:15:00µ2021-07-27 18:00:00µ2021-07-31 17:30:00µ2021-08-08 15:30:00µ2021-08-15 15:30:00µ2021-08-21 15:30:00µ2021-08-28 15:30:00µ2021-09-02 13:00:00µ2021-09-11 15:30:00µ2021-09-18 15:30:00µ2021-09-25 15:30:00µ2021-10-03 15:30:00µ2021-10-09 14:00:00µ2021-10-16 15:30:00µ2021-10-22 20:30:00µ2021-10-26 20:45:00µ2021-10-30 15:30:00µ2021-11-05 20:30:00µ2021-11-21 17:30:00µ2021-11-26 20:30:00µ2021-12-04 15:30:00µ2021-12-11 15:30:00µ2021-12-14 20:30:00µ2021-12-18 15:30:00
30,15700,2022-01-08,16:30,2022,8,Bundesliga,Journée 18,4336,2433,Greuther Fürth,Stuttgart,Greuther Fürth - Stuttgart,0-0,0,0,1,1324.0,1643.0,59.0,65.0,22.0,56.0,1.51,1.73,-38µ-35µ-9µ19µ0µ-25µ-8µ-6µ-4µ-1µ-2µ0µ-4µ-19µ0µ-1µ0µ0µ0µ0µ61µ0µ30,2021-07-09 16:00:00µ2021-07-14 17:00:00µ2021-07-17 15:00:00µ2021-07-24 14:00:00µ2021-07-31 18:00:00µ2021-08-07 18:30:00µ2021-08-14 15:30:00µ2021-08-21 15:30:00µ2021-08-28 15:30:00µ2021-09-11 15:30:00µ2021-09-17 20:30:00µ2021-09-24 20:30:00µ2021-10-01 20:30:00µ2021-10-16 15:30:00µ2021-10-23 15:30:00µ2021-10-30 15:30:00µ2021-11-07 19:30:00µ2021-11-20 15:30:00µ2021-11-27 15:30:00µ2021-12-04 15:30:00µ2021-12-12 15:30:00µ2021-12-15 20:30:00µ2021-12-18 15:30:00,0µ2µ-18µ19µ0µ3µ0µ0µ5µ-1µ-45µ1µ26µ-7µ-13µ71µ-67µ29µ-13µ-44µ-58µ-59µ1µ0µ35µ4µ83µ0µ-20,2021-07-06 18:00:00µ2021-07-10 15:00:00µ2021-07-14 15:15:00µ2021-07-20 18:45:00µ2021-07-20 19:30:00µ2021-07-23 16:15:00µ2021-07-31 19:00:00µ2021-08-07 15:30:00µ2021-08-14 15:30:00µ2021-08-20 20:30:00µ2021-08-28 15:30:00µ2021-09-02 15:00:00µ2021-09-12 15:30:00µ2021-09-19 15:30:00µ2021-09-26 15:30:00µ2021-10-02 15:30:00µ2021-10-07 15:00:00µ2021-10-16 18:30:00µ2021-10-24 17:30:00µ2021-10-27 20:45:00µ2021-10-31 15:30:00µ2021-11-06 15:30:00µ2021-11-10 15:00:00µ2021-11-20 15:30:00µ2021-11-26 20:30:00µ2021-12-05 15:30:00µ2021-12-11 18:30:00µ2021-12-14 18:30:00µ2021-12-19 17:30:00
29,15699,2022-01-08,16:30,2022,8,Bundesliga,Journée 18,3668,8,B. Leverkusen,Union Berlin,B. Leverkusen - Union Berlin,2-2,2,2,1,2987.0,1111.0,88.0,54.0,12.0,14.0,3.31,0.65,-19µ-19µ-66µ0µ-30µ18µ4µ-5µ0µ4µ2µ9µ0µ0µ-10µ-28µ-49µ-82µ28µ-29µ0µ4µ62µ0µ-66µ-81µ-26µ-59,2021-07-14 18:00:00µ2021-07-23 14:00:00µ2021-07-28 16:30:00µ2021-08-07 15:30:00µ2021-08-14 15:30:00µ2021-08-21 18:30:00µ2021-08-28 15:30:00µ2021-09-11 15:30:00µ2021-09-16 18:45:00µ2021-09-19 15:30:00µ2021-09-25 15:30:00µ2021-09-30 21:00:00µ2021-10-03 19:30:00µ2021-10-17 15:30:00µ2021-10-21 18:45:00µ2021-10-24 15:30:00µ2021-10-27 18:30:00µ2021-10-30 15:30:00µ2021-11-04 21:00:00µ2021-11-07 15:30:00µ2021-11-20 15:30:00µ2021-11-25 18:45:00µ2021-11-28 17:30:00µ2021-12-04 15:30:00µ2021-12-09 21:00:00µ2021-12-12 17:30:00µ2021-12-15 20:30:00µ2021-12-19 15:30:00,0µ0µ-3µ18µ37µ0µ30µ6µ26µ-2µ59µ0µ-2µ-69µ0µ3µ0µ43µ-56µ80µ-2µ4µ0µ0µ-3µ11µ49µ0µ-5µ61µ0µ-61µ1µ7,2021-07-14 17:30:00µ2021-07-17 14:05:00µ2021-07-23 17:00:00µ2021-07-24 16:00:00µ2021-07-31 15:30:00µ2021-08-08 15:30:00µ2021-08-14 15:30:00µ2021-08-19 18:00:00µ2021-08-22 15:30:00µ2021-08-26 20:15:00µ2021-08-29 15:30:00µ2021-09-01 17:00:00µ2021-09-11 15:30:00µ2021-09-16 18:45:00µ2021-09-19 17:30:00µ2021-09-25 15:30:00µ2021-09-30 21:00:00µ2021-10-03 15:30:00µ2021-10-06 17:30:00µ2021-10-16 15:30:00µ2021-10-21 18:45:00µ2021-10-24 17:30:00µ2021-10-27 18:30:00µ2021-10-30 15:30:00µ2021-11-04 21:00:00µ2021-11-07 17:30:00µ2021-11-20 18:30:00µ2021-11-25 18:45:00µ2021-11-28 15:30:00µ2021-12-03 20:30:00µ2021-12-09 21:00:00µ2021-12-12 15:30:00µ2021-12-15 20:30:00µ2021-12-18 15:30:00
10,302697,2022-01-08,17:00,2022,139,FA Cup,1/32,5526,9200,Boreham Wood,AFC Wimbledon,Boreham Wood - AFC Wimbledon,2-0,2,0,0,267.0,354.0,20.0,28.0,23.0,-8.0,1.55,0.96,0µ0µ-2µ66µ75µ-2µ13µ6µ8µ-2µ8µ-4µ-13µ6µ0µ9µ9µ19µ-8µ8µ5µ30µ0µ11µ-2µ28µ11µ4µ-4,2021-07-17 16:00:00µ2021-07-20 20:30:00µ2021-07-24 16:00:00µ2021-07-27 20:30:00µ2021-07-31 16:00:00µ2021-08-11 20:30:00µ2021-08-21 16:00:00µ2021-08-28 16:00:00µ2021-08-30 16:00:00µ2021-09-04 16:00:00µ2021-09-11 16:00:00µ2021-09-14 20:45:00µ2021-09-18 16:00:00µ2021-09-25 16:00:00µ2021-10-02 18:20:00µ2021-10-05 20:45:00µ2021-10-09 16:00:00µ2021-10-16 16:00:00µ2021-10-23 16:00:00µ2021-10-26 20:45:00µ2021-10-30 16:00:00µ2021-11-06 16:00:00µ2021-11-13 16:00:00µ2021-11-20 16:00:00µ2021-11-23 20:45:00µ2021-12-06 20:45:00µ2021-12-11 16:00:00µ2021-12-18 16:00:00µ2022-01-02 16:00:00,0µ-1µ-30µ-9µ-28µ-30µ-25µ25µ57µ4µ4µ-1µ41µ11µ37µ9µ14µ-8µ0µ-6µ-11µ4µ13µ19µ-3µ-16µ-10µ10µ-8µ-2µ22µ6µ27µ33µ7µ-6,2021-07-17 16:00:00µ2021-07-20 20:45:00µ2021-07-20 20:45:00µ2021-07-23 20:45:00µ2021-07-24 16:00:00µ2021-07-27 20:30:00µ2021-07-31 16:00:00µ2021-08-07 16:00:00µ2021-08-10 20:45:00µ2021-08-14 16:00:00µ2021-08-17 20:45:00µ2021-08-21 16:00:00µ2021-08-24 20:45:00µ2021-08-28 16:00:00µ2021-09-04 16:00:00µ2021-09-07 20:45:00µ2021-09-11 16:00:00µ2021-09-18 16:00:00µ2021-09-22 20:45:00µ2021-09-25 16:00:00µ2021-09-28 20:45:00µ2021-10-02 16:00:00µ2021-10-16 16:00:00µ2021-10-19 20:45:00µ2021-10-23 16:00:00µ2021-10-26 20:45:00µ2021-10-30 16:00:00µ2021-11-06 16:00:00µ2021-11-09 20:45:00µ2021-11-20 16:00:00µ2021-11-23 20:45:00µ2021-11-27 16:00:00µ2021-12-04 16:00:00µ2021-12-07 20:45:00µ2021-12-11 16:00:00µ2021-12-29 20:45:00
11,302705,2022-01-08,17:00,2022,139,FA Cup,1/32,2748,5652,West Bromwich Albion,Brighton & Hove Albion,West Bromwich Albion - Brighton & Hove Albion,1-2,1,2,2,2148.0,1388.0,75.0,60.0,-5.0,9.0,1.95,1.02,-57µ0µ4µ-11µ1µ18µ7µ20µ14µ0µ8µ-14µ-12µ-8µ7µ28µ-10µ2µ-5µ17µ-6µ1µ-7µ-35µ-20µ-9µ1µ4µ-15µ-26µ-21,2021-07-14 20:45:00µ2021-07-16 20:45:00µ2021-07-20 15:00:00µ2021-07-24 16:00:00µ2021-07-31 16:00:00µ2021-08-06 20:45:00µ2021-08-14 16:00:00µ2021-08-18 21:00:00µ2021-08-21 16:00:00µ2021-08-25 21:00:00µ2021-08-28 21:00:00µ2021-09-11 16:00:00µ2021-09-14 21:00:00µ2021-09-18 16:00:00µ2021-09-24 21:00:00µ2021-09-28 20:45:00µ2021-10-01 20:45:00µ2021-10-15 21:00:00µ2021-10-20 20:45:00µ2021-10-23 16:00:00µ2021-10-30 13:30:00µ2021-11-03 21:00:00µ2021-11-06 16:00:00µ2021-11-20 16:00:00µ2021-11-23 20:45:00µ2021-11-26 21:00:00µ2021-12-04 13:30:00µ2021-12-11 16:00:00µ2021-12-17 20:45:00µ2021-12-27 16:00:00µ2022-01-02 15:00:00,18µ1µ-38µ-16µ48µ48µ3µ-16µ50µ84µ12µ13µ42µ-7µ0µ35µ43µ-14µ-33µ-19µ40µ30µ-46µ48µ43µ86,2021-07-24 18:30:00µ2021-07-31 16:00:00µ2021-08-03 20:30:00µ2021-08-07 20:00:00µ2021-08-14 16:00:00µ2021-08-21 18:30:00µ2021-08-24 20:45:00µ2021-08-28 16:00:00µ2021-09-11 16:00:00µ2021-09-19 15:00:00µ2021-09-22 20:30:00µ2021-09-27 21:00:00µ2021-10-02 18:30:00µ2021-10-16 16:00:00µ2021-10-23 18:30:00µ2021-10-27 20:45:00µ2021-10-30 16:00:00µ2021-11-06 18:30:00µ2021-11-20 16:00:00µ2021-11-27 18:30:00µ2021-12-01 20:30:00µ2021-12-04 16:00:00µ2021-12-15 20:30:00µ2021-12-26 21:00:00µ2021-12-29 20:30:00µ2022-01-02 15:00:00
12,302706,2022-01-08,17:00,2022,139,FA Cup,1/32,2815,2092,Kidderminster Harriers,Reading,Kidderminster Harriers - Reading,2-1,2,1,0,245.0,1393.0,18.0,60.0,48.0,-14.0,1.52,1.41,70µ-13µ-37µ38µ9µ11µ2µ10µ2µ-8µ59µ-7µ19µ68µ-12µ39µ4µ0µ10µ23µ9µ13µ11µ-1µ19µ8µ-2µ-7,2021-07-17 13:30:00µ2021-07-20 20:00:00µ2021-07-24 16:00:00µ2021-07-31 16:00:00µ2021-08-14 16:00:00µ2021-08-21 16:00:00µ2021-08-28 16:00:00µ2021-08-30 16:00:00µ2021-09-04 16:00:00µ2021-09-11 16:00:00µ2021-09-18 16:00:00µ2021-09-25 16:00:00µ2021-10-02 16:00:00µ2021-10-05 20:45:00µ2021-10-09 16:00:00µ2021-10-16 16:00:00µ2021-10-23 16:00:00µ2021-10-26 20:45:00µ2021-10-30 16:00:00µ2021-11-06 16:00:00µ2021-11-13 16:00:00µ2021-11-20 16:00:00µ2021-11-23 20:45:00µ2021-11-27 16:00:00µ2021-12-05 17:00:00µ2021-12-11 16:00:00µ2021-12-14 20:45:00µ2021-12-18 16:00:00,0µ0µ-18µ-1µ-3µ-9µ25µ-25µ-38µ-50µ1µ13µ35µ30µ-11µ33µ16µ-40µ-23µ-2µ-14µ10µ7µ-4µ41µ-16µ-7µ-5,2021-07-10 14:00:00µ2021-07-21 20:00:00µ2021-07-24 15:00:00µ2021-07-31 16:00:00µ2021-08-07 16:00:00µ2021-08-10 21:00:00µ2021-08-14 16:00:00µ2021-08-17 21:00:00µ2021-08-21 16:00:00µ2021-08-28 16:00:00µ2021-09-11 16:00:00µ2021-09-14 21:00:00µ2021-09-18 16:00:00µ2021-09-25 13:30:00µ2021-09-29 20:45:00µ2021-10-02 16:00:00µ2021-10-16 16:00:00µ2021-10-20 21:00:00µ2021-10-23 16:00:00µ2021-10-30 21:00:00µ2021-11-02 20:45:00µ2021-11-06 16:30:00µ2021-11-20 16:00:00µ2021-11-23 21:00:00µ2021-11-27 16:00:00µ2021-12-04 16:00:00µ2021-12-11 16:00:00µ2022-01-03 16:00:00
13,302707,2022-01-08,17:00,2022,139,FA Cup,1/32,1538,2743,Leicester,Watford,Leicester - Watford,4-1,4,1,0,2479.0,1973.0,80.0,71.0,22.0,10.0,2.29,1.1,-19µ-38µ-19µ13µ50µ2µ-127µ12µ0µ29µ-85µ0µ-42µ-67µ-40µ117µ1µ2µ-35µ-28µ-33µ-41µ-4µ0µ0µ-31µ-81µ-4µ2µ36µ0µ85,2021-07-24 16:00:00µ2021-07-28 20:30:00µ2021-07-31 16:00:00µ2021-08-04 20:45:00µ2021-08-07 18:15:00µ2021-08-14 16:00:00µ2021-08-23 21:00:00µ2021-08-28 16:00:00µ2021-09-11 16:00:00µ2021-09-16 21:00:00µ2021-09-19 15:00:00µ2021-09-22 20:45:00µ2021-09-25 16:00:00µ2021-09-30 18:45:00µ2021-10-03 15:00:00µ2021-10-16 16:00:00µ2021-10-20 16:30:00µ2021-10-24 15:00:00µ2021-10-27 20:45:00µ2021-10-30 13:30:00µ2021-11-04 21:00:00µ2021-11-07 15:00:00µ2021-11-20 13:30:00µ2021-11-25 21:00:00µ2021-11-28 15:00:00µ2021-12-01 20:30:00µ2021-12-05 17:30:00µ2021-12-09 18:45:00µ2021-12-12 15:00:00µ2021-12-22 20:45:00µ2021-12-26 16:00:00µ2021-12-28 21:00:00,0µ0µ6µ-19µ0µ-67µ-4µ56µ-67µ51µ0µ-42µ119µ-94µ7µ-29µ0µ149µ-2µ0µ150µ0µ0µ0µ-6µ-1µ0,2021-07-17 12:00:00µ2021-07-17 16:00:00µ2021-07-24 16:00:00µ2021-07-27 20:45:00µ2021-07-28 16:00:00µ2021-08-06 20:30:00µ2021-08-07 16:00:00µ2021-08-14 16:00:00µ2021-08-21 18:30:00µ2021-08-24 20:45:00µ2021-08-29 15:00:00µ2021-09-11 16:00:00µ2021-09-18 16:00:00µ2021-09-21 20:45:00µ2021-09-25 16:00:00µ2021-10-02 16:00:00µ2021-10-16 13:30:00µ2021-10-23 16:00:00µ2021-10-30 16:00:00µ2021-11-07 15:00:00µ2021-11-20 16:00:00µ2021-11-28 15:00:00µ2021-12-01 20:30:00µ2021-12-04 18:30:00µ2021-12-10 21:00:00µ2021-12-28 16:00:00µ2022-01-01 16:00:00
26,21404,2022-01-08,17:00,2022,2,Segunda División,Journée 23,1352,64,UD Ibiza,Alcorcón,UD Ibiza - Alcorcón,6-2,6,2,0,333.0,1247.0,27.0,57.0,-9.0,-28.0,1.03,1.04,8µ11µ12µ17µ23µ15µ-3µ-8µ23µ3µ7µ-15µ0µ10µ-8µ5µ-10µ29µ-6µ15µ18µ14µ-5µ29µ2µ14µ0µ4µ-38µ11µ3µ-2µ18µ18µ39µ-13µ19µ8µ21µ-2µ-31µ-27µ20µ40µ48µ12µ17µ-3µ15µ-15µ1µ0µ18µ-2µ-7µ32,2020-10-18 12:00:00µ2020-10-25 12:00:00µ2020-11-08 12:00:00µ2020-11-18 17:00:00µ2020-11-22 12:00:00µ2020-11-29 12:00:00µ2020-12-06 11:30:00µ2020-12-13 16:00:00µ2021-01-10 12:00:00µ2021-01-17 12:00:00µ2021-01-24 12:00:00µ2021-01-31 12:00:00µ2021-02-07 12:00:00µ2021-02-14 12:00:00µ2021-02-21 12:00:00µ2021-03-07 12:00:00µ2021-03-14 12:00:00µ2021-03-21 12:00:00µ2021-04-04 12:00:00µ2021-04-11 17:30:00µ2021-04-18 12:00:00µ2021-04-25 12:00:00µ2021-05-02 18:30:00µ2021-05-09 12:00:00µ2021-05-16 12:00:00µ2021-05-23 12:00:00µ2021-07-16 10:00:00µ2021-07-21 19:00:00µ2021-07-24 20:00:00µ2021-07-27 10:00:00µ2021-08-03 19:00:00µ2021-08-06 18:45:00µ2021-08-13 22:00:00µ2021-08-22 17:00:00µ2021-08-28 19:30:00µ2021-09-05 16:00:00µ2021-09-11 18:15:00µ2021-09-18 16:00:00µ2021-09-25 16:00:00µ2021-10-03 14:00:00µ2021-10-10 16:00:00µ2021-10-17 14:00:00µ2021-10-20 19:00:00µ2021-10-23 16:00:00µ2021-11-01 16:00:00µ2021-11-04 21:15:00µ2021-11-07 21:00:00µ2021-11-14 16:00:00µ2021-11-21 18:15:00µ2021-11-28 16:00:00µ2021-12-01 19:00:00µ2021-12-05 18:15:00µ2021-12-11 16:00:00µ2021-12-15 20:00:00µ2021-12-18 16:00:00µ2022-01-02 21:00:00,-31µ1µ-38µ38µ54µ1µ1µ-9µ-31µ-45µ-6µ-1µ-23µ15µ-28µ-9µ-56µ4µ-9µ10µ-9µ-53µ-4µ-19µ-6µ-14µ-15µ1µ-28µ-12µ-2µ5µ0,2021-07-17 10:00:00µ2021-07-21 20:30:00µ2021-07-24 10:00:00µ2021-07-28 19:00:00µ2021-07-31 10:00:00µ2021-08-04 10:00:00µ2021-08-06 18:45:00µ2021-08-07 10:00:00µ2021-08-14 22:00:00µ2021-08-21 22:00:00µ2021-08-27 22:00:00µ2021-09-01 11:30:00µ2021-09-05 18:15:00µ2021-09-11 21:00:00µ2021-09-17 21:00:00µ2021-09-26 21:00:00µ2021-10-02 21:00:00µ2021-10-10 18:15:00µ2021-10-16 21:00:00µ2021-10-20 21:00:00µ2021-10-24 21:00:00µ2021-11-01 16:00:00µ2021-11-04 19:00:00µ2021-11-07 14:00:00µ2021-11-13 18:15:00µ2021-11-21 18:15:00µ2021-11-26 21:00:00µ2021-11-30 20:00:00µ2021-12-05 18:15:00µ2021-12-12 18:15:00µ2021-12-15 20:00:00µ2021-12-19 18:15:00µ2022-01-03 21:00:00
14,302714,2022-01-08,17:00,2022,139,FA Cup,1/32,9202,9179,Port Vale,Brentford,Port Vale - Brentford,1-4,1,4,2,575.0,1063.0,39.0,53.0,3.0,46.0,1.26,1.82,57µ-30µ69µ-8µ0µ0µ10µ-10µ-6µ-4µ0µ1µ18µ-2µ-11µ9µ9µ10µ10µ4µ-11µ7µ2µ12µ23µ50µ0µ0µ-7µ-15µ9µ3µ29µ9µ-8,2021-07-03 16:00:00µ2021-07-09 20:00:00µ2021-07-10 16:00:00µ2021-07-13 14:00:00µ2021-07-17 16:00:00µ2021-07-27 20:30:00µ2021-07-31 16:00:00µ2021-08-07 16:00:00µ2021-08-10 20:45:00µ2021-08-14 16:00:00µ2021-08-17 20:45:00µ2021-08-21 16:00:00µ2021-08-28 16:00:00µ2021-08-31 20:00:00µ2021-09-04 16:00:00µ2021-09-11 16:00:00µ2021-09-18 16:00:00µ2021-09-25 16:00:00µ2021-10-02 16:00:00µ2021-10-05 20:00:00µ2021-10-09 16:00:00µ2021-10-16 16:00:00µ2021-10-19 20:45:00µ2021-10-23 16:00:00µ2021-10-30 16:00:00µ2021-11-06 16:00:00µ2021-11-09 20:00:00µ2021-11-13 13:00:00µ2021-11-20 16:00:00µ2021-11-23 20:45:00µ2021-11-27 16:00:00µ2021-11-30 20:00:00µ2021-12-04 16:00:00µ2021-12-07 20:45:00µ2021-12-11 16:00:00,0µ0µ0µ19µ-1µ0µ38µ128µ21µ0µ20µ-62µ72µ0µ43µ80µ0µ-4µ11µ-77µ-71µ-7µ68µ-1µ-8µ3µ0µ-66µ0µ79,2021-07-17 16:00:00µ2021-07-20 20:30:00µ2021-07-23 19:30:00µ2021-07-28 21:00:00µ2021-07-31 16:00:00µ2021-08-04 20:00:00µ2021-08-07 18:30:00µ2021-08-13 21:00:00µ2021-08-21 16:00:00µ2021-08-24 20:45:00µ2021-08-28 16:00:00µ2021-09-11 16:00:00µ2021-09-18 13:30:00µ2021-09-21 20:45:00µ2021-09-25 18:30:00µ2021-10-03 15:00:00µ2021-10-16 18:30:00µ2021-10-24 15:00:00µ2021-10-27 20:45:00µ2021-10-30 16:00:00µ2021-11-06 16:00:00µ2021-11-20 16:00:00µ2021-11-28 15:00:00µ2021-12-02 20:30:00µ2021-12-05 15:00:00µ2021-12-10 21:00:00µ2021-12-22 20:45:00µ2021-12-26 21:00:00µ2021-12-29 21:15:00µ2022-01-02 15:00:00
19,306066,2022-01-08,17:00,2022,139,FA Cup,1/32,436,4468,Barnsley,Barrow,Barnsley - Barrow,5-4,5,4,0,899.0,250.0,49.0,18.0,-31.0,-6.0,1.35,0.82,2µ46µ22µ0µ16µ-33µ5µ-20µ3µ-12µ-1µ19µ-1µ-34µ-25µ-21µ-22µ-13µ-4µ-13µ27µ-55µ-1µ-3µ-14µ-6µ-8µ11µ-11,2021-07-14 14:00:00µ2021-07-17 13:00:00µ2021-07-23 20:00:00µ2021-07-31 19:00:00µ2021-08-07 16:00:00µ2021-08-10 21:00:00µ2021-08-14 16:00:00µ2021-08-17 20:45:00µ2021-08-21 13:30:00µ2021-08-28 16:00:00µ2021-09-11 16:00:00µ2021-09-15 20:45:00µ2021-09-18 16:00:00µ2021-09-25 16:00:00µ2021-09-29 20:45:00µ2021-10-02 16:00:00µ2021-10-16 16:00:00µ2021-10-20 20:45:00µ2021-10-24 13:30:00µ2021-10-30 16:00:00µ2021-11-03 20:45:00µ2021-11-06 16:00:00µ2021-11-20 16:00:00µ2021-11-24 20:45:00µ2021-11-27 16:00:00µ2021-12-04 16:00:00µ2021-12-11 16:00:00µ2021-12-17 20:45:00µ2021-12-29 20:45:00,19µ-16µ-13µ-8µ37µ8µ3µ-10µ0µ0µ1µ29µ-10µ6µ14µ15µ-8µ3µ-10µ0µ1µ-7µ73µ1µ6µ-7µ-8µ-7µ15µ14µ59µ-9µ2µ-2,2021-07-20 14:00:00µ2021-07-24 16:00:00µ2021-07-31 16:00:00µ2021-08-07 16:00:00µ2021-08-10 20:45:00µ2021-08-14 16:00:00µ2021-08-17 20:45:00µ2021-08-21 16:00:00µ2021-08-24 20:45:00µ2021-08-28 16:00:00µ2021-08-31 20:45:00µ2021-09-04 16:00:00µ2021-09-10 20:45:00µ2021-09-18 16:00:00µ2021-09-24 20:45:00µ2021-10-02 16:00:00µ2021-10-05 20:45:00µ2021-10-09 16:00:00µ2021-10-16 16:00:00µ2021-10-19 20:45:00µ2021-10-23 16:00:00µ2021-10-30 16:30:00µ2021-11-06 18:15:00µ2021-11-09 20:45:00µ2021-11-13 14:00:00µ2021-11-20 16:00:00µ2021-11-23 20:45:00µ2021-11-27 16:00:00µ2021-12-04 16:00:00µ2021-12-11 16:00:00µ2021-12-15 20:45:00µ2021-12-26 16:00:00µ2021-12-29 20:45:00µ2022-01-01 16:00:00
16,302721,2022-01-08,17:00,2022,139,FA Cup,1/32,1796,9755,Newcastle,Cambridge United,Newcastle - Cambridge United,0-1,0,1,2,1843.0,296.0,69.0,23.0,25.0,97.0,3.39,1.23,-22µ11µ-38µ0µ-19µ0µ13µ-36µ-36µ-16µ24µ0µ-20µ-19µ-37µ-1µ11µ0µ2µ-5µ-1µ-25µ30µ-4µ0µ0µ43,2019-07-17 12:00:00µ2019-07-20 11:00:00µ2021-07-18 15:00:00µ2021-07-23 20:00:00µ2021-07-27 20:00:00µ2021-07-30 20:45:00µ2021-08-07 15:00:00µ2021-08-15 15:00:00µ2021-08-21 16:00:00µ2021-08-25 20:45:00µ2021-08-28 16:00:00µ2021-09-11 16:00:00µ2021-09-17 21:00:00µ2021-09-25 16:00:00µ2021-10-02 16:00:00µ2021-10-17 17:30:00µ2021-10-23 16:00:00µ2021-10-30 16:00:00µ2021-11-06 18:30:00µ2021-11-20 16:00:00µ2021-11-27 13:30:00µ2021-11-30 20:30:00µ2021-12-04 16:00:00µ2021-12-12 15:00:00µ2021-12-16 21:00:00µ2021-12-19 15:00:00µ2021-12-27 21:00:00,57µ0µ0µ2µ9µ-19µ-10µ5µ24µ-1µ18µ16µ-33µ26µ1µ2µ-21µ8µ2µ11µ-16µ8µ7µ14µ-5µ-5µ-17µ15µ-14µ12µ-3µ13µ17µ39µ-11µ-13µ3,2021-07-17 14:00:00µ2021-07-23 19:30:00µ2021-07-27 20:00:00µ2021-07-31 16:00:00µ2021-08-07 16:00:00µ2021-08-10 20:45:00µ2021-08-14 16:00:00µ2021-08-17 20:45:00µ2021-08-21 16:00:00µ2021-08-24 20:45:00µ2021-08-28 16:00:00µ2021-08-31 20:00:00µ2021-09-11 16:00:00µ2021-09-18 16:00:00µ2021-09-21 20:00:00µ2021-09-25 16:00:00µ2021-09-28 20:45:00µ2021-10-02 16:00:00µ2021-10-16 16:00:00µ2021-10-19 20:45:00µ2021-10-23 16:00:00µ2021-10-26 20:45:00µ2021-10-30 16:00:00µ2021-11-02 20:45:00µ2021-11-06 16:00:00µ2021-11-09 20:00:00µ2021-11-13 16:00:00µ2021-11-16 20:45:00µ2021-11-20 16:00:00µ2021-11-23 20:45:00µ2021-11-27 16:00:00µ2021-11-30 20:00:00µ2021-12-04 16:00:00µ2021-12-07 20:45:00µ2021-12-11 16:00:00µ2021-12-18 16:00:00µ2022-01-03 16:00:00
15,302716,2022-01-08,17:00,2022,139,FA Cup,1/32,2753,507,Wigan Athletic,Blackburn Rovers,Wigan Athletic - Blackburn Rovers,3-2,3,2,0,1108.0,1453.0,54.0,61.0,-15.0,-10.0,1.1,1.07,3µ2µ38µ33µ-15µ20µ2µ-13µ8µ-29µ6µ-6µ3µ6µ-74µ3µ-19µ4µ-18µ10µ-27µ2µ-28µ3µ4µ-19µ0µ1µ-13µ4µ-6µ1µ2µ-12µ6µ1,2021-07-17 16:00:00µ2021-07-20 20:30:00µ2021-07-27 20:30:00µ2021-07-30 20:30:00µ2021-08-07 16:00:00µ2021-08-10 20:45:00µ2021-08-14 16:00:00µ2021-08-17 20:45:00µ2021-08-21 16:00:00µ2021-08-24 20:45:00µ2021-08-28 16:00:00µ2021-08-31 20:00:00µ2021-09-11 16:00:00µ2021-09-18 16:00:00µ2021-09-21 20:45:00µ2021-09-25 16:00:00µ2021-09-28 20:45:00µ2021-10-02 16:00:00µ2021-10-05 20:00:00µ2021-10-16 16:00:00µ2021-10-19 20:45:00µ2021-10-23 16:00:00µ2021-10-26 20:45:00µ2021-10-30 16:00:00µ2021-11-02 20:45:00µ2021-11-06 16:00:00µ2021-11-10 20:00:00µ2021-11-16 20:45:00µ2021-11-23 20:45:00µ2021-11-27 16:00:00µ2021-11-30 20:45:00µ2021-12-05 13:30:00µ2021-12-08 20:45:00µ2021-12-11 16:00:00µ2021-12-18 16:00:00µ2022-01-04 20:00:00,0µ0µ-57µ18µ-18µ38µ-73µ-4µ25µ-20µ9µ-7µ14µ-5µ43µ-28µ-36µ-20µ-19µ16µ25µ-6µ55µ3µ4µ39µ22µ62µ8µ7µ-19,2021-07-10 16:00:00µ2021-07-17 17:00:00µ2021-07-24 16:00:00µ2021-07-28 20:30:00µ2021-07-31 16:00:00µ2021-08-07 16:00:00µ2021-08-10 20:45:00µ2021-08-14 16:00:00µ2021-08-18 20:45:00µ2021-08-21 16:00:00µ2021-08-28 16:00:00µ2021-09-11 16:00:00µ2021-09-14 20:45:00µ2021-09-18 16:00:00µ2021-09-25 16:00:00µ2021-09-28 20:45:00µ2021-10-02 16:00:00µ2021-10-16 16:00:00µ2021-10-19 20:45:00µ2021-10-23 16:00:00µ2021-10-30 16:00:00µ2021-11-03 20:45:00µ2021-11-06 16:00:00µ2021-11-20 16:00:00µ2021-11-24 20:45:00µ2021-11-27 16:00:00µ2021-12-04 16:00:00µ2021-12-11 16:00:00µ2021-12-18 16:00:00µ2021-12-29 20:45:00µ2022-01-02 15:00:00
25,21399,2022-01-08,17:00,2022,2,Segunda División,Journée 23,643,1339,FC Cartagena,Huesca,FC Cartagena - Huesca,0-3,0,3,2,888.0,1214.0,48.0,56.0,14.0,-4.0,1.47,1.15,-2µ1µ-1µ0µ-8µ10µ-18µ16µ-12µ-10µ35µ19µ-16µ11µ-11µ-3µ21µ5µ35µ-2µ-18µ18µ50µ-2µ6µ0µ3µ10µ8µ6µ29µ38µ0,2021-07-13 19:00:00µ2021-07-17 19:00:00µ2021-07-21 20:00:00µ2021-07-24 19:00:00µ2021-07-27 19:00:00µ2021-07-31 19:00:00µ2021-08-03 19:00:00µ2021-08-10 21:00:00µ2021-08-16 22:00:00µ2021-08-22 22:00:00µ2021-08-30 22:00:00µ2021-09-04 18:15:00µ2021-09-12 14:00:00µ2021-09-18 21:00:00µ2021-09-27 21:00:00µ2021-10-03 18:15:00µ2021-10-10 16:00:00µ2021-10-16 16:00:00µ2021-10-19 19:00:00µ2021-10-22 21:00:00µ2021-10-30 21:00:00µ2021-11-02 21:15:00µ2021-11-07 18:15:00µ2021-11-14 16:00:00µ2021-11-21 14:00:00µ2021-11-27 20:30:00µ2021-11-30 20:00:00µ2021-12-06 18:15:00µ2021-12-12 18:15:00µ2021-12-15 20:00:00µ2021-12-19 18:15:00µ2022-01-02 14:00:00µ2022-01-05 16:00:00,0µ-2µ1µ0µ18µ-38µ48µ6µ-8µ-29µ-34µ-11µ14µ-25µ2µ54µ1µ-56µ-19µ-6µ-18µ10µ-17µ11µ0µ38µ9µ-26µ-10µ-16,2021-07-17 19:00:00µ2021-07-21 19:30:00µ2021-07-24 19:00:00µ2021-08-01 19:00:00µ2021-08-04 19:00:00µ2021-08-08 19:00:00µ2021-08-13 20:00:00µ2021-08-22 22:00:00µ2021-08-27 20:00:00µ2021-09-06 21:00:00µ2021-09-13 21:00:00µ2021-09-19 14:00:00µ2021-09-24 20:00:00µ2021-10-02 16:00:00µ2021-10-11 21:00:00µ2021-10-16 16:00:00µ2021-10-19 19:00:00µ2021-10-24 18:15:00µ2021-10-30 16:00:00µ2021-11-02 19:00:00µ2021-11-05 21:00:00µ2021-11-13 18:15:00µ2021-11-21 18:15:00µ2021-11-27 18:15:00µ2021-11-30 16:00:00µ2021-12-03 21:00:00µ2021-12-10 21:00:00µ2021-12-14 20:00:00µ2021-12-19 18:15:00µ2022-01-02 18:15:00
17,302723,2022-01-08,17:00,2022,139,FA Cup,1/32,5653,9199,Peterborough United,Bristol Rovers,Peterborough United - Bristol Rovers,2-1,2,1,0,814.0,496.0,46.0,36.0,44.0,-31.0,2.31,0.61,45µ36µ0µ-10µ2µ-40µ-37µ-22µ-132µ-26µ23µ7µ-9µ-12µ-12µ-21µ21µ-58µ21µ-12µ-2µ25µ38µ0µ11µ0µ0µ-7µ10µ-3µ38µ-34,2021-07-10 16:00:00µ2021-07-13 20:00:00µ2021-07-24 15:00:00µ2021-07-27 18:45:00µ2021-07-31 16:00:00µ2021-07-31 16:00:00µ2021-08-03 20:30:00µ2021-08-07 16:00:00µ2021-08-10 20:45:00µ2021-08-11 20:30:00µ2021-08-14 13:30:00µ2021-08-17 20:45:00µ2021-08-21 16:00:00µ2021-08-28 21:00:00µ2021-09-11 16:00:00µ2021-09-14 21:00:00µ2021-09-18 16:00:00µ2021-09-24 20:45:00µ2021-09-29 20:45:00µ2021-10-02 16:00:00µ2021-10-16 16:00:00µ2021-10-20 20:45:00µ2021-10-23 16:00:00µ2021-10-30 16:00:00µ2021-11-02 20:45:00µ2021-11-06 16:00:00µ2021-11-20 16:00:00µ2021-11-24 20:45:00µ2021-11-27 16:00:00µ2021-12-04 16:00:00µ2021-12-11 16:00:00µ2021-12-18 16:00:00,3µ10µ29µ-11µ-58µ-18µ10µ-13µ-3µ3µ10µ-12µ-16µ7µ-22µ18µ-11µ3µ-1µ-14µ8µ15µ-13µ7µ32µ-1µ-3µ-12µ13µ-12µ14,2021-07-17 14:00:00µ2021-07-27 20:00:00µ2021-07-31 14:00:00µ2021-08-07 16:00:00µ2021-08-10 20:45:00µ2021-08-14 16:00:00µ2021-08-17 20:45:00µ2021-08-21 16:00:00µ2021-08-28 16:00:00µ2021-08-31 20:00:00µ2021-09-04 16:00:00µ2021-09-11 16:00:00µ2021-09-18 16:00:00µ2021-09-25 16:00:00µ2021-10-02 16:00:00µ2021-10-09 16:00:00µ2021-10-13 20:00:00µ2021-10-16 16:00:00µ2021-10-19 20:45:00µ2021-10-23 16:00:00µ2021-10-30 16:00:00µ2021-11-07 14:00:00µ2021-11-10 20:00:00µ2021-11-13 16:00:00µ2021-11-16 20:00:00µ2021-11-20 16:00:00µ2021-11-23 20:45:00µ2021-11-27 16:00:00µ2021-12-04 16:00:00µ2021-12-07 20:45:00µ2021-12-11 16:00:00
18,302725,2022-01-08,17:00,2022,139,FA Cup,1/32,2044,9194,Queens Park Rangers,Rotherham United,Queens Park Rangers - Rotherham United,1-1,1,1,0,1301.0,737.0,58.0,44.0,34.0,8.0,2.34,0.97,57µ0µ19µ-4µ-36µ36µ33µ-9µ3µ2µ-6µ-1µ-27µ36µ-12µ5µ18µ-3µ13µ-40µ-32µ-3µ23µ-19µ17µ7µ23µ-10µ-3µ17µ24,2021-07-24 16:00:00µ2021-07-27 20:00:00µ2021-07-31 16:00:00µ2021-08-07 16:00:00µ2021-08-11 20:45:00µ2021-08-14 16:00:00µ2021-08-18 20:45:00µ2021-08-21 13:30:00µ2021-08-24 20:45:00µ2021-08-28 16:00:00µ2021-09-11 16:00:00µ2021-09-14 20:45:00µ2021-09-18 16:00:00µ2021-09-21 20:45:00µ2021-09-24 21:00:00µ2021-09-28 20:45:00µ2021-10-02 16:00:00µ2021-10-16 13:30:00µ2021-10-19 20:45:00µ2021-10-23 16:00:00µ2021-10-26 20:45:00µ2021-10-29 20:45:00µ2021-11-03 20:45:00µ2021-11-06 18:30:00µ2021-11-19 20:45:00µ2021-11-24 20:45:00µ2021-11-29 20:45:00µ2021-12-05 15:30:00µ2021-12-27 18:30:00µ2021-12-30 20:45:00µ2022-01-02 15:00:00,52µ-7µ5µ3µ19µ-1µ13µ-48µ-4µ6µ-7µ20µ4µ-25µ-4µ28µ1µ7µ23µ6µ37µ-5µ25µ0µ45µ3µ7µ9µ24µ5µ-4µ3µ16µ13µ9µ-17µ17µ1,2021-07-10 14:00:00µ2021-07-20 20:00:00µ2021-07-21 20:30:00µ2021-07-24 14:00:00µ2021-07-27 20:00:00µ2021-07-30 20:00:00µ2021-08-07 16:00:00µ2021-08-10 20:45:00µ2021-08-14 16:00:00µ2021-08-17 20:45:00µ2021-08-21 14:00:00µ2021-08-28 14:00:00µ2021-09-07 20:00:00µ2021-09-11 16:00:00µ2021-09-14 20:45:00µ2021-09-18 16:00:00µ2021-09-25 16:00:00µ2021-09-28 20:45:00µ2021-10-02 16:00:00µ2021-10-05 20:00:00µ2021-10-16 16:00:00µ2021-10-19 20:45:00µ2021-10-23 16:00:00µ2021-10-26 20:00:00µ2021-10-30 16:00:00µ2021-11-02 20:45:00µ2021-11-06 16:00:00µ2021-11-20 16:00:00µ2021-11-23 20:45:00µ2021-11-27 16:00:00µ2021-11-30 20:00:00µ2021-12-03 20:45:00µ2021-12-07 20:45:00µ2021-12-11 16:00:00µ2021-12-18 16:00:00µ2021-12-26 16:00:00µ2022-01-01 16:00:00µ2022-01-04 20:00:00
41,119320,2022-01-08,17:15,2022,17,Super League,Journée 17,1845,1931,OFI,PAS Giannina,OFI - PAS Giannina,1-1,1,1,1,1208.0,1645.0,56.0,65.0,-23.0,-25.0,0.95,0.88,0µ19µ15µ-27µ0µ-14µ34µ2µ11µ19µ16µ18µ0µ32µ-6µ0µ18µ35µ-57µ23µ4µ-7µ0µ10µ38µ-13µ-2,2021-07-13 18:00:00µ2021-07-16 12:00:00µ2021-07-21 18:00:00µ2021-07-24 17:00:00µ2021-07-28 16:00:00µ2021-07-30 19:00:00µ2021-08-10 18:00:00µ2021-09-03 20:00:00µ2021-09-13 18:30:00µ2021-09-19 17:15:00µ2021-09-22 17:15:00µ2021-09-27 16:15:00µ2021-10-03 17:15:00µ2021-10-17 15:00:00µ2021-10-24 17:15:00µ2021-10-28 14:00:00µ2021-10-31 16:15:00µ2021-11-06 16:15:00µ2021-11-12 17:30:00µ2021-11-20 14:00:00µ2021-11-28 14:00:00µ2021-12-01 16:00:00µ2021-12-04 18:30:00µ2021-12-16 16:00:00µ2021-12-20 18:30:00µ2021-12-23 14:00:00µ2022-01-04 18:30:00,-56µ-17µ-26µ-60µ-35µ0µ37µ14µ-19µ-19µ-12µ-1µ-36µ-14µ-8µ8µ15µ-6µ2µ1µ-2µ-19µ0,2021-08-04 19:00:00µ2021-08-08 18:30:00µ2021-08-14 18:00:00µ2021-08-21 19:30:00µ2021-08-28 17:30:00µ2021-09-01 17:00:00µ2021-09-12 18:00:00µ2021-09-18 19:30:00µ2021-09-23 17:15:00µ2021-09-27 16:15:00µ2021-10-03 15:00:00µ2021-10-17 19:30:00µ2021-10-23 18:00:00µ2021-10-26 16:15:00µ2021-10-31 18:30:00µ2021-11-06 16:15:00µ2021-11-20 18:30:00µ2021-11-27 18:30:00µ2021-12-06 18:30:00µ2021-12-11 16:15:00µ2021-12-15 16:15:00µ2021-12-19 18:30:00µ2022-01-04 16:15:00
1,20976,2022-01-08,17:15,2022,1,Liga Santander,Journée 20,2120,712,R. Sociedad,Celta,R. Sociedad - Celta,1-0,1,0,0,2502.0,2516.0,81.0,81.0,-1.0,30.0,1.41,1.28,0µ1µ16µ-32µ1µ-56µ0µ0µ2µ2µ23µ31µ7µ0µ1µ-30µ0µ0µ37µ14µ-23µ-34µ8µ-14µ-22µ-79µ0µ-3µ61µ-116µ0µ-81µ-39µ1,2021-07-17 19:00:00µ2021-07-24 19:00:00µ2021-07-28 18:00:00µ2021-07-31 17:00:00µ2021-08-06 11:00:00µ2021-08-06 20:30:00µ2021-08-15 20:00:00µ2021-08-22 17:00:00µ2021-08-28 19:30:00µ2021-09-12 18:30:00µ2021-09-16 21:00:00µ2021-09-19 16:15:00µ2021-09-23 19:30:00µ2021-09-26 18:30:00µ2021-09-30 18:45:00µ2021-10-03 18:30:00µ2021-10-16 21:00:00µ2021-10-21 21:00:00µ2021-10-24 21:00:00µ2021-10-28 19:00:00µ2021-10-31 21:00:00µ2021-11-04 18:45:00µ2021-11-07 18:30:00µ2021-11-21 21:00:00µ2021-11-25 21:00:00µ2021-11-28 16:15:00µ2021-12-01 21:00:00µ2021-12-04 21:00:00µ2021-12-09 18:45:00µ2021-12-12 18:30:00µ2021-12-15 19:00:00µ2021-12-18 16:15:00µ2022-01-02 18:30:00µ2022-01-05 16:00:00,0µ0µ-19µ13µ0µ-20µ-31µ0µ-75µ32µ17µ-78µ-3µ63µ-23µ-39µ39µ26µ7µ0µ-16µ-36µ0µ5µ13µ-65,2021-07-23 11:00:00µ2021-07-31 11:30:00µ2021-08-03 18:00:00µ2021-08-07 13:45:00µ2021-08-15 17:30:00µ2021-08-23 22:00:00µ2021-08-28 17:00:00µ2021-09-12 21:00:00µ2021-09-17 21:00:00µ2021-09-21 22:00:00µ2021-09-27 21:00:00µ2021-10-03 14:00:00µ2021-10-17 16:15:00µ2021-10-25 21:00:00µ2021-10-28 19:00:00µ2021-11-01 18:30:00µ2021-11-06 16:15:00µ2021-11-20 14:00:00µ2021-11-27 14:00:00µ2021-11-30 21:00:00µ2021-12-05 21:00:00µ2021-12-10 21:00:00µ2021-12-14 19:00:00µ2021-12-17 21:00:00µ2022-01-02 18:30:00µ2022-01-05 20:00:00
55,3763,2022-01-08,17:30,2022,97,Liga A1,Temporada Regular,13240,1293,Hapoel Nof HaGalil,Hapoel Kiryat Shmona,Hapoel Nof HaGalil - Hapoel Kiryat Shmona,2-6,2,6,2,343.0,664.0,27.0,42.0,-19.0,23.0,1.03,1.38,-16µ-7µ2µ-4µ-6µ3µ-5µ16µ6µ-5µ2µ-7µ-11µ11µ-1µ-10µ6µ-3µ-1µ-7µ-15µ-4µ-12,2021-07-15 17:00:00µ2021-07-31 18:45:00µ2021-08-03 19:30:00µ2021-08-10 19:30:00µ2021-08-14 19:30:00µ2021-08-23 19:00:00µ2021-08-30 19:00:00µ2021-09-11 18:00:00µ2021-09-18 18:00:00µ2021-09-25 18:00:00µ2021-10-02 17:00:00µ2021-10-16 18:00:00µ2021-10-23 18:30:00µ2021-11-01 19:15:00µ2021-11-07 18:00:00µ2021-11-27 16:15:00µ2021-12-01 18:30:00µ2021-12-05 19:15:00µ2021-12-12 19:15:00µ2021-12-18 16:30:00µ2021-12-21 18:00:00µ2021-12-25 17:00:00µ2022-01-02 18:00:00,12µ-3µ-5µ-4µ2µ-12µ-1µ-10µ-7µ3µ3µ-12µ5µ-4µ-5µ-3µ2µ7µ6µ2µ4µ-7µ-5,2021-07-22 17:30:00µ2021-08-03 19:30:00µ2021-08-07 18:30:00µ2021-08-10 19:00:00µ2021-08-14 19:30:00µ2021-08-21 18:00:00µ2021-08-28 18:00:00µ2021-09-11 17:00:00µ2021-09-19 18:30:00µ2021-09-25 18:00:00µ2021-10-02 19:30:00µ2021-10-17 18:00:00µ2021-10-23 17:45:00µ2021-10-30 16:30:00µ2021-11-07 19:15:00µ2021-11-27 14:00:00µ2021-12-01 18:00:00µ2021-12-04 18:50:00µ2021-12-11 18:00:00µ2021-12-17 12:00:00µ2021-12-22 18:00:00µ2021-12-25 16:30:00µ2022-01-01 16:30:00
38,35274,2022-01-08,17:30,2022,19,Liga NOS,Journée 17,7015,1737,Vizela,Moreirense,Vizela - Moreirense,0-1,0,1,2,1032.0,1751.0,52.0,67.0,10.0,-21.0,1.31,1.03,-12µ4µ-12µ-38µ-1µ0µ15µ-1µ-22µ0µ37µ0µ17µ10µ20µ17µ15µ53µ0µ16µ8µ3µ0µ23µ0µ38µ-9µ0,2019-05-25 18:00:00µ2019-06-02 18:00:00µ2021-07-03 11:30:00µ2021-07-06 18:00:00µ2021-07-09 11:30:00µ2021-07-14 12:00:00µ2021-07-17 11:30:00µ2021-07-18 18:30:00µ2021-07-24 16:30:00µ2021-08-06 21:15:00µ2021-08-14 16:30:00µ2021-08-22 21:30:00µ2021-08-28 16:30:00µ2021-09-12 19:00:00µ2021-09-19 16:30:00µ2021-09-26 21:30:00µ2021-10-02 16:30:00µ2021-10-17 15:00:00µ2021-10-24 19:00:00µ2021-10-31 21:30:00µ2021-11-06 16:30:00µ2021-11-20 15:00:00µ2021-11-30 21:15:00µ2021-12-13 21:15:00µ2021-12-19 20:00:00µ2021-12-23 19:45:00µ2021-12-28 20:00:00µ2022-01-02 19:30:00,16µ-1µ-51µ-15µ0µ-8µ0µ11µ-11µ0µ3µ-1µ0µ0µ-2µ-2µ36µ-19µ-37µ-28µ-56µ9µ-34,2021-07-03 11:30:00µ2021-07-10 11:00:00µ2021-07-14 12:00:00µ2021-07-25 12:00:00µ2021-08-07 19:00:00µ2021-08-15 21:30:00µ2021-08-20 22:15:00µ2021-08-27 20:00:00µ2021-09-12 16:30:00µ2021-09-19 19:00:00µ2021-09-25 16:30:00µ2021-10-01 20:00:00µ2021-10-16 16:00:00µ2021-10-23 21:30:00µ2021-11-01 22:15:00µ2021-11-06 21:30:00µ2021-11-21 17:45:00µ2021-11-26 21:15:00µ2021-12-12 16:30:00µ2021-12-19 18:00:00µ2021-12-23 12:00:00µ2021-12-28 22:00:00µ2022-01-03 21:15:00
56,3758,2022-01-08,17:45,2022,97,Liga A1,Temporada Regular,1611,1609,Maccabi Petah Tikva,Maccabi Haifa,Maccabi Petah Tikva - Maccabi Haifa,0-4,0,4,2,509.0,849.0,37.0,47.0,-17.0,67.0,1.01,1.96,-4µ7µ-4µ12µ-5µ-3µ10µ-1µ5µ1µ-3µ8µ-2µ7µ-12µ-10µ-7µ-5µ-11µ-11µ5µ-6µ-2µ-3,2021-07-15 18:00:00µ2021-07-19 18:00:00µ2021-08-01 19:30:00µ2021-08-04 19:30:00µ2021-08-08 19:30:00µ2021-08-11 19:00:00µ2021-08-21 18:00:00µ2021-08-28 18:00:00µ2021-09-11 18:30:00µ2021-09-18 19:00:00µ2021-09-26 19:15:00µ2021-10-02 18:00:00µ2021-10-17 19:15:00µ2021-10-23 18:30:00µ2021-10-30 18:00:00µ2021-11-06 18:50:00µ2021-11-27 16:30:00µ2021-11-30 18:00:00µ2021-12-04 16:30:00µ2021-12-11 14:00:00µ2021-12-18 16:30:00µ2021-12-22 18:00:00µ2021-12-27 19:30:00µ2022-01-01 14:00:00,-11µ-40µ6µ1µ9µ1µ-8µ-2µ3µ3µ-6µ0µ42µ-6µ-1µ2µ0µ-8µ1µ84µ3µ-6µ0µ3µ0µ6µ3µ2µ0µ3µ0µ0µ1µ7,2021-07-07 19:00:00µ2021-07-14 16:00:00µ2021-07-22 18:30:00µ2021-07-25 19:30:00µ2021-07-29 19:00:00µ2021-08-05 19:00:00µ2021-08-12 20:45:00µ2021-08-19 19:00:00µ2021-08-22 19:45:00µ2021-08-26 19:00:00µ2021-08-29 19:30:00µ2021-09-11 19:30:00µ2021-09-14 16:30:00µ2021-09-18 19:30:00µ2021-09-22 19:15:00µ2021-09-26 19:15:00µ2021-09-30 21:00:00µ2021-10-03 19:45:00µ2021-10-16 17:00:00µ2021-10-21 18:45:00µ2021-10-25 19:45:00µ2021-10-30 19:30:00µ2021-11-04 21:00:00µ2021-11-07 19:15:00µ2021-11-25 18:45:00µ2021-11-28 19:45:00µ2021-12-02 19:30:00µ2021-12-05 19:15:00µ2021-12-09 21:00:00µ2021-12-13 19:45:00µ2021-12-18 14:00:00µ2021-12-21 19:30:00µ2021-12-25 18:50:00µ2022-01-03 19:30:00
45,49987,2022-01-08,18:00,2022,37,Süper Lig,Journée 20,1192,12901,Galatasaray SK,Giresunspor,Galatasaray SK - Giresunspor,0-1,0,1,2,2589.0,948.0,82.0,50.0,-7.0,42.0,2.57,0.83,0µ-16µ-14µ-17µ0µ0µ-17µ0µ0µ-19µ-57µ-16µ32µ-37µ-65µ0µ-7µ0µ0µ-19µ0µ12µ-14µ0µ-27µ-19µ0µ-21µ51µ-19µ-19µ27µ-36µ-17µ-56µ0µ-13,2021-07-10 18:00:00µ2021-07-21 21:00:00µ2021-07-28 20:00:00µ2021-08-05 20:00:00µ2021-08-12 20:00:00µ2021-08-16 20:45:00µ2021-08-19 19:00:00µ2021-08-23 20:45:00µ2021-08-26 20:00:00µ2021-08-29 18:15:00µ2021-09-05 09:00:00µ2021-09-12 19:00:00µ2021-09-16 18:45:00µ2021-09-19 15:00:00µ2021-09-22 19:00:00µ2021-09-26 18:00:00µ2021-09-30 21:00:00µ2021-10-03 18:00:00µ2021-10-09 15:00:00µ2021-10-12 15:00:00µ2021-10-17 15:00:00µ2021-10-21 21:00:00µ2021-10-25 19:00:00µ2021-10-31 17:00:00µ2021-11-04 18:45:00µ2021-11-07 14:00:00µ2021-11-13 12:00:00µ2021-11-21 17:00:00µ2021-11-25 18:45:00µ2021-11-28 17:00:00µ2021-12-04 17:00:00µ2021-12-09 21:00:00µ2021-12-13 16:00:00µ2021-12-18 17:00:00µ2021-12-21 18:00:00µ2021-12-25 14:00:00µ2021-12-28 19:00:00,-55µ-45µ-4µ0µ0µ-11µ0µ-1µ17µ0µ10µ32µ53µ15µ-4µ18µ30µ70µ1µ26µ-7µ15µ0µ-9µ-1,2021-07-28 16:00:00µ2021-07-31 15:00:00µ2021-08-07 17:30:00µ2021-08-09 19:00:00µ2021-08-16 20:45:00µ2021-08-21 18:15:00µ2021-08-29 20:45:00µ2021-09-13 19:00:00µ2021-09-19 12:30:00µ2021-09-23 19:00:00µ2021-09-26 12:30:00µ2021-10-02 15:00:00µ2021-10-16 12:30:00µ2021-10-23 15:00:00µ2021-11-01 18:00:00µ2021-11-06 11:30:00µ2021-11-20 14:00:00µ2021-11-27 17:00:00µ2021-12-02 11:00:00µ2021-12-05 14:00:00µ2021-12-12 11:30:00µ2021-12-17 18:00:00µ2021-12-21 15:00:00µ2021-12-25 14:00:00µ2021-12-28 15:00:00
27,21412,2022-01-08,19:15,2022,2,Segunda División,Journée 23,2654,565,Real Valladolid,Burgos,Real Valladolid - Burgos,1-0,1,0,0,1512.0,651.0,62.0,42.0,-2.0,-44.0,2.05,0.5,0µ2µ-19µ-5µ9µ3µ-68µ-53µ-13µ5µ-17µ-13µ5µ-20µ3µ3µ-70µ0µ1µ-55µ0µ0µ-39µ0µ86µ0µ22µ-3,2021-07-16 19:30:00µ2021-08-04 20:00:00µ2021-08-06 19:00:00µ2021-08-15 22:00:00µ2021-08-20 20:00:00µ2021-08-29 19:30:00µ2021-09-05 16:00:00µ2021-09-12 16:00:00µ2021-09-18 20:30:00µ2021-09-26 21:00:00µ2021-10-01 21:00:00µ2021-10-08 21:00:00µ2021-10-17 16:00:00µ2021-10-20 19:00:00µ2021-10-23 18:15:00µ2021-10-31 18:15:00µ2021-11-03 19:00:00µ2021-11-06 18:15:00µ2021-11-13 16:00:00µ2021-11-20 20:30:00µ2021-11-27 20:30:00µ2021-11-30 16:00:00µ2021-12-03 21:00:00µ2021-12-12 16:00:00µ2021-12-15 20:00:00µ2021-12-19 18:15:00µ2022-01-02 14:00:00µ2022-01-05 20:00:00,-14µ5µ5µ-26µ7µ5µ15µ-7µ5µ7µ8µ-9µ10µ-31µ14µ17µ2µ3µ-6µ4µ-3µ6µ-18µ5µ8µ23µ-9µ9µ0µ0µ7µ4µ-2µ19µ-2µ66µ-7µ18µ-30µ22µ-7µ3µ54µ53µ-4µ-4µ-1µ32µ-9µ65µ4µ25µ49µ-1µ-1µ-12,2020-10-18 11:30:00µ2020-10-24 18:30:00µ2020-11-08 12:00:00µ2020-11-14 17:00:00µ2020-11-21 18:00:00µ2020-11-29 17:30:00µ2020-12-05 18:00:00µ2020-12-13 12:00:00µ2021-01-10 16:00:00µ2021-01-23 15:30:00µ2021-01-31 16:30:00µ2021-02-07 12:00:00µ2021-02-10 17:00:00µ2021-02-14 17:00:00µ2021-02-20 16:00:00µ2021-03-07 16:30:00µ2021-03-14 17:00:00µ2021-03-21 12:00:00µ2021-04-04 18:00:00µ2021-04-10 17:00:00µ2021-04-18 12:00:00µ2021-04-25 16:30:00µ2021-05-02 17:00:00µ2021-05-09 12:00:00µ2021-05-15 18:00:00µ2021-05-23 20:00:00µ2021-07-14 18:00:00µ2021-07-17 19:00:00µ2021-07-24 11:00:00µ2021-07-31 19:00:00µ2021-08-06 18:30:00µ2021-08-07 17:30:00µ2021-08-15 17:00:00µ2021-08-23 22:00:00µ2021-08-29 22:00:00µ2021-09-05 16:00:00µ2021-09-11 16:00:00µ2021-09-20 21:00:00µ2021-09-25 16:00:00µ2021-10-03 18:15:00µ2021-10-10 18:15:00µ2021-10-17 18:15:00µ2021-10-21 21:00:00µ2021-10-24 18:15:00µ2021-11-01 18:15:00µ2021-11-04 19:00:00µ2021-11-07 18:15:00µ2021-11-14 18:15:00µ2021-11-21 14:00:00µ2021-11-27 16:00:00µ2021-11-30 21:00:00µ2021-12-05 18:15:00µ2021-12-11 16:00:00µ2021-12-14 20:00:00µ2021-12-17 21:00:00µ2021-12-31 16:00:00
34,15697,2022-01-08,19:30,2022,8,Bundesliga,Journée 18,960,530,Eintracht Frankfurt,B. Dortmund,Eintracht Frankfurt - B. Dortmund,2-3,2,3,2,2224.0,3491.0,76.0,94.0,18.0,32.0,1.21,2.27,-57µ0µ0µ-38µ3µ-74µ-2µ-29µ-31µ-28µ12µ-2µ-27µ1µ62µ-57µ64µ-93µ21µ51µ0µ9µ-32µ3µ-39µ1µ67µ50µ5,2021-07-10 16:00:00µ2021-07-17 16:00:00µ2021-07-20 16:00:00µ2021-07-24 17:00:00µ2021-07-31 15:30:00µ2021-08-08 15:30:00µ2021-08-14 18:30:00µ2021-08-21 15:30:00µ2021-08-28 15:30:00µ2021-09-12 15:30:00µ2021-09-16 21:00:00µ2021-09-19 19:30:00µ2021-09-25 15:30:00µ2021-09-30 18:45:00µ2021-10-03 17:30:00µ2021-10-16 15:30:00µ2021-10-21 21:00:00µ2021-10-24 19:30:00µ2021-10-30 18:30:00µ2021-11-04 18:45:00µ2021-11-07 19:30:00µ2021-11-21 15:30:00µ2021-11-25 21:00:00µ2021-11-28 15:30:00µ2021-12-04 15:30:00µ2021-12-09 18:45:00µ2021-12-12 17:30:00µ2021-12-15 18:30:00µ2021-12-18 15:30:00,0µ-57µ-56µ0µ0µ1µ-16µ-62µ0µ3µ1µ0µ-60µ25µ0µ-67µ0µ-32µ0µ0µ0µ-41µ-51µ0µ-41µ2µ-2µ4µ-31µ0µ-62,2021-07-13 18:30:00µ2021-07-17 15:00:00µ2021-07-24 16:00:00µ2021-07-30 17:00:00µ2021-08-07 20:45:00µ2021-08-14 18:30:00µ2021-08-17 20:30:00µ2021-08-21 15:30:00µ2021-08-27 20:30:00µ2021-09-11 15:30:00µ2021-09-15 18:45:00µ2021-09-19 17:30:00µ2021-09-25 18:30:00µ2021-09-28 21:00:00µ2021-10-02 15:30:00µ2021-10-07 16:00:00µ2021-10-16 15:30:00µ2021-10-19 21:00:00µ2021-10-23 15:30:00µ2021-10-26 20:00:00µ2021-10-30 15:30:00µ2021-11-03 21:00:00µ2021-11-06 18:30:00µ2021-11-20 15:30:00µ2021-11-24 21:00:00µ2021-11-27 15:30:00µ2021-12-04 18:30:00µ2021-12-07 21:00:00µ2021-12-11 15:30:00µ2021-12-15 20:30:00µ2021-12-18 18:30:00
20,302699,2022-01-08,19:30,2022,139,FA Cup,1/32,2453,2369,Swansea City,Southampton,Swansea City - Southampton,2-3,2,3,2,2215.0,2520.0,76.0,81.0,-27.0,40.0,0.96,1.54,0µ0µ-5µ-40µ5µ-19µ-50µ2µ0µ-58µ-21µ-20µ-19µ-19µ1µ-52µ-18µ4µ3µ-42µ0µ0µ-30µ-21µ2µ-42µ-38µ-70,2021-07-20 20:00:00µ2021-07-28 20:00:00µ2021-07-31 16:00:00µ2021-08-07 16:00:00µ2021-08-10 21:00:00µ2021-08-14 21:00:00µ2021-08-17 20:45:00µ2021-08-20 20:45:00µ2021-08-24 20:00:00µ2021-08-28 16:00:00µ2021-09-11 16:00:00µ2021-09-15 20:45:00µ2021-09-18 16:00:00µ2021-09-22 20:30:00µ2021-09-25 16:00:00µ2021-09-29 20:45:00µ2021-10-02 16:00:00µ2021-10-17 13:00:00µ2021-10-20 20:45:00µ2021-10-23 16:00:00µ2021-10-30 16:00:00µ2021-11-02 20:45:00µ2021-11-06 16:00:00µ2021-11-20 16:00:00µ2021-11-24 20:45:00µ2021-11-27 16:00:00µ2021-12-04 16:00:00µ2021-12-11 16:00:00,0µ3µ6µ-26µ-44µ42µ0µ-31µ3µ43µ-36µ-76µ0µ6µ-38µ36µ1µ21µ-80µ0µ24µ-35µ-4µ-21µ71µ38,2021-07-27 20:00:00µ2021-07-31 16:00:00µ2021-08-04 20:00:00µ2021-08-07 16:00:00µ2021-08-14 16:00:00µ2021-08-22 15:00:00µ2021-08-25 20:45:00µ2021-08-28 16:00:00µ2021-09-11 16:00:00µ2021-09-18 16:00:00µ2021-09-21 20:45:00µ2021-09-26 15:00:00µ2021-10-02 16:00:00µ2021-10-16 16:00:00µ2021-10-23 16:00:00µ2021-10-26 20:45:00µ2021-10-30 16:00:00µ2021-11-05 21:00:00µ2021-11-20 16:00:00µ2021-11-27 16:00:00µ2021-12-01 20:30:00µ2021-12-04 16:00:00µ2021-12-11 16:00:00µ2021-12-15 20:30:00µ2021-12-26 16:00:00µ2021-12-28 16:00:00
21,302700,2022-01-08,19:30,2022,139,FA Cup,1/32,752,9201,Chelsea,Chesterfield,Chelsea - Chesterfield,5-1,5,1,0,3420.0,505.0,93.0,37.0,1.0,101.0,2.81,2.02,27µ38µ6µ-17µ-26µ0µ17µ3µ0µ0µ20µ-36µ-14µ-31µ0µ0µ0µ0µ-36µ0µ0µ-43µ3µ73µ-33µ0µ-85µ-42µ0µ-43µ-43µ0µ0µ-43µ-30µ6,2019-07-23 12:30:00µ2021-07-27 20:45:00µ2021-08-01 16:00:00µ2021-08-04 20:45:00µ2021-08-11 21:00:00µ2021-08-14 16:00:00µ2021-08-22 17:30:00µ2021-08-28 18:30:00µ2021-09-11 18:30:00µ2021-09-14 21:00:00µ2021-09-19 17:30:00µ2021-09-22 20:45:00µ2021-09-25 13:30:00µ2021-09-29 21:00:00µ2021-10-02 16:00:00µ2021-10-16 18:30:00µ2021-10-20 21:00:00µ2021-10-23 13:30:00µ2021-10-26 20:45:00µ2021-10-30 16:00:00µ2021-11-02 18:45:00µ2021-11-06 16:00:00µ2021-11-20 13:30:00µ2021-11-23 21:00:00µ2021-11-28 17:30:00µ2021-12-01 20:30:00µ2021-12-04 13:30:00µ2021-12-08 18:45:00µ2021-12-11 16:00:00µ2021-12-16 20:45:00µ2021-12-19 15:00:00µ2021-12-22 20:45:00µ2021-12-26 18:30:00µ2021-12-29 20:30:00µ2022-01-02 17:30:00µ2022-01-05 20:45:00,-6µ-16µ38µ32µ-14µ30µ23µ15µ10µ14µ-1µ0µ9µ13µ-2µ-13µ0µ14µ28µ6µ8µ0µ19µ11µ12µ-3µ28µ11µ-3µ3,2021-06-05 17:00:00µ2021-07-17 16:00:00µ2021-07-21 20:30:00µ2021-07-27 20:30:00µ2021-07-31 16:00:00µ2021-08-07 16:00:00µ2021-08-14 14:00:00µ2021-08-21 16:00:00µ2021-08-28 16:00:00µ2021-08-30 16:00:00µ2021-09-04 16:00:00µ2021-09-11 16:00:00µ2021-09-14 20:45:00µ2021-09-18 16:00:00µ2021-09-25 18:20:00µ2021-09-28 20:45:00µ2021-10-05 20:45:00µ2021-10-09 16:00:00µ2021-10-16 16:00:00µ2021-10-23 16:00:00µ2021-10-26 20:45:00µ2021-10-30 16:00:00µ2021-11-06 16:00:00µ2021-11-13 16:00:00µ2021-11-20 16:00:00µ2021-11-23 20:45:00µ2021-12-05 18:15:00µ2021-12-11 16:00:00µ2021-12-28 16:00:00µ2022-01-01 16:00:00
22,302710,2022-01-08,19:30,2022,139,FA Cup,1/32,1341,1017,Hull City,Everton,Hull City - Everton,2-3,2,3,2,1917.0,2654.0,70.0,83.0,-1.0,-9.0,1.23,1.18,-38µ1µ-24µ55µ-26µ-46µ-20µ-12µ20µ20µ-21µ-22µ-2µ-14µ48µ-14µ-31µ-6µ-32µ-2µ50µ27µ39µ36µ13µ13µ-3µ-42,2021-07-24 13:00:00µ2021-07-24 16:00:00µ2021-07-30 20:00:00µ2021-08-07 16:00:00µ2021-08-10 20:45:00µ2021-08-14 16:00:00µ2021-08-18 20:45:00µ2021-08-21 16:00:00µ2021-08-28 16:00:00µ2021-09-11 16:00:00µ2021-09-14 20:45:00µ2021-09-18 13:30:00µ2021-09-25 16:00:00µ2021-09-28 20:45:00µ2021-10-02 16:00:00µ2021-10-16 16:00:00µ2021-10-20 20:45:00µ2021-10-23 16:00:00µ2021-10-30 16:00:00µ2021-11-03 21:00:00µ2021-11-06 16:00:00µ2021-11-20 16:00:00µ2021-11-24 20:45:00µ2021-11-27 16:00:00µ2021-12-04 16:00:00µ2021-12-11 16:00:00µ2021-12-18 16:00:00µ2022-01-01 16:00:00,0µ-17µ1µ-1µ29µ-34µ0µ10µ5µ-124µ-36µ28µ42µ-49µ-150µ-75µ35µ0µ-75µ0µ81µ-101µ43µ-86,2021-07-17 17:00:00µ2021-07-26 00:01:00µ2021-07-29 00:01:00µ2021-08-07 13:45:00µ2021-08-14 16:00:00µ2021-08-21 16:00:00µ2021-08-24 20:45:00µ2021-08-28 16:00:00µ2021-09-13 21:00:00µ2021-09-18 18:30:00µ2021-09-21 20:45:00µ2021-09-25 16:00:00µ2021-10-02 13:30:00µ2021-10-17 15:00:00µ2021-10-23 16:00:00µ2021-11-01 21:00:00µ2021-11-07 15:00:00µ2021-11-21 15:00:00µ2021-11-28 15:00:00µ2021-12-01 21:15:00µ2021-12-06 21:00:00µ2021-12-12 17:30:00µ2021-12-16 20:45:00µ2022-01-02 15:00:00
23,302718,2022-01-08,19:30,2022,139,FA Cup,1/32,502,9211,Birmingham City,Plymouth Argyle,Birmingham City - Plymouth Argyle,0-1,0,1,2,1332.0,451.0,59.0,34.0,-26.0,89.0,1.55,1.69,1µ-19µ-37µ-1µ-57µ35µ1µ19µ-1µ62µ-13µ8µ52µ-9µ-31µ13µ-9µ-13µ-3µ9µ42µ59µ59µ-15µ-36µ-8µ8µ-9µ12µ-13µ-29,2021-07-17 16:00:00µ2021-07-20 14:00:00µ2021-07-24 16:00:00µ2021-07-31 16:00:00µ2021-08-03 20:45:00µ2021-08-07 21:00:00µ2021-08-10 20:45:00µ2021-08-14 16:00:00µ2021-08-18 20:45:00µ2021-08-21 16:00:00µ2021-08-24 20:45:00µ2021-08-28 16:00:00µ2021-09-10 21:00:00µ2021-09-15 20:45:00µ2021-09-18 16:00:00µ2021-09-25 16:00:00µ2021-09-28 20:45:00µ2021-10-02 16:00:00µ2021-10-15 21:00:00µ2021-10-20 20:45:00µ2021-10-23 16:00:00µ2021-10-30 16:00:00µ2021-11-02 20:45:00µ2021-11-06 16:30:00µ2021-11-20 16:00:00µ2021-11-23 20:45:00µ2021-11-27 16:00:00µ2021-12-04 16:00:00µ2021-12-11 16:00:00µ2021-12-18 16:00:00µ2022-01-02 15:00:00,68µ77µ-8µ0µ-1µ14µ-1µ8µ-18µ128µ9µ-8µ24µ0µ0µ-14µ38µ5µ8µ13µ0µ-5µ9µ-6µ29µ24µ-9µ11µ-5µ14µ24µ53µ-21µ-36µ-6µ10µ-2µ-4µ10µ19,2021-07-03 16:00:00µ2021-07-14 20:30:00µ2021-07-17 14:00:00µ2021-07-20 20:00:00µ2021-07-23 20:00:00µ2021-07-24 16:00:00µ2021-07-27 19:00:00µ2021-07-31 16:00:00µ2021-08-07 16:00:00µ2021-08-10 20:45:00µ2021-08-14 16:00:00µ2021-08-17 20:45:00µ2021-08-21 16:00:00µ2021-08-24 20:00:00µ2021-08-28 16:00:00µ2021-08-31 20:00:00µ2021-09-11 16:00:00µ2021-09-18 16:00:00µ2021-09-21 20:45:00µ2021-09-25 16:00:00µ2021-09-28 20:45:00µ2021-10-02 16:00:00µ2021-10-09 16:00:00µ2021-10-12 20:00:00µ2021-10-16 16:00:00µ2021-10-19 20:45:00µ2021-10-23 16:00:00µ2021-10-30 16:00:00µ2021-11-02 20:45:00µ2021-11-07 13:15:00µ2021-11-13 16:00:00µ2021-11-16 20:45:00µ2021-11-20 16:00:00µ2021-11-23 20:45:00µ2021-11-27 16:00:00µ2021-12-05 13:15:00µ2021-12-08 20:45:00µ2021-12-11 16:00:00µ2021-12-18 16:00:00µ2021-12-26 16:00:00
2,20971,2022-01-08,19:30,2022,1,Liga Santander,Journée 20,4235,429,Granada,Barcelona,Granada - Barcelona,1-1,1,1,1,1895.0,3707.0,70.0,97.0,-6.0,-15.0,0.9,1.72,4µ-17µ-38µ0µ0µ0µ36µ27µ-137µ-23µ40µ-11µ-26µ78µ2µ1µ63µ-105µ0µ31µ0µ8µ-24µ-65µ7µ79µ-34,2021-07-19 19:00:00µ2021-07-27 19:00:00µ2021-07-28 19:00:00µ2021-08-02 19:00:00µ2021-08-06 20:30:00µ2021-08-07 19:00:00µ2021-08-16 20:00:00µ2021-08-21 19:30:00µ2021-08-29 19:30:00µ2021-09-13 22:00:00µ2021-09-20 21:00:00µ2021-09-23 19:30:00µ2021-09-27 21:00:00µ2021-10-03 21:00:00µ2021-10-22 21:00:00µ2021-10-28 20:00:00µ2021-11-01 21:00:00µ2021-11-06 14:00:00µ2021-11-21 16:15:00µ2021-11-26 21:00:00µ2021-11-30 19:00:00µ2021-12-03 21:00:00µ2021-12-13 21:00:00µ2021-12-16 21:00:00µ2021-12-19 14:00:00µ2021-12-22 19:00:00µ2022-01-02 16:15:00,-3µ-29µ0µ0µ0µ0µ-38µ12µ0µ-40µ0µ0µ-122µ-40µ-40µ0µ-142µ-107µ-19µ0µ0µ-58µ-79µ-40µ0µ-40µ0µ-35µ1µ-79µ-33µ-40µ-19µ0µ-37µ0µ0,2019-03-06 18:50:00µ2019-07-23 12:30:00µ2019-07-27 11:00:00µ2021-07-21 19:00:00µ2021-07-24 19:00:00µ2021-07-31 19:00:00µ2021-08-04 19:00:00µ2021-08-08 21:30:00µ2021-08-15 20:00:00µ2021-08-21 22:00:00µ2021-08-29 17:00:00µ2021-09-08 11:00:00µ2021-09-14 21:00:00µ2021-09-20 21:00:00µ2021-09-23 22:00:00µ2021-09-26 16:15:00µ2021-09-29 21:00:00µ2021-10-02 21:00:00µ2021-10-13 11:00:00µ2021-10-17 21:00:00µ2021-10-20 18:45:00µ2021-10-24 16:15:00µ2021-10-27 19:00:00µ2021-10-30 21:00:00µ2021-11-02 21:00:00µ2021-11-06 16:15:00µ2021-11-20 21:00:00µ2021-11-23 21:00:00µ2021-11-27 21:00:00µ2021-12-04 16:15:00µ2021-12-08 21:00:00µ2021-12-12 16:15:00µ2021-12-14 18:00:00µ2021-12-18 18:30:00µ2021-12-21 21:30:00µ2022-01-02 21:00:00µ2022-01-05 19:30:00
24,304077,2022-01-08,19:45,2022,139,FA Cup,1/32,9188,80,Yeovil Town,AFC Bournemouth,Yeovil Town - AFC Bournemouth,1-3,1,3,2,400.0,1718.0,31.0,66.0,-27.0,1.0,0.72,2.04,37µ-16µ38µ7µ-11µ9µ5µ15µ-16µ-8µ-3µ-16µ-2µ-9µ-3µ-10µ7µ-1µ73µ7µ7µ9µ3µ12µ22µ4µ2µ-19µ-15,2021-07-24 16:00:00µ2021-07-31 16:00:00µ2021-08-03 20:30:00µ2021-08-07 16:00:00µ2021-08-28 16:00:00µ2021-08-30 16:00:00µ2021-09-04 18:15:00µ2021-09-11 16:00:00µ2021-09-18 16:00:00µ2021-09-25 16:00:00µ2021-10-05 20:45:00µ2021-10-09 16:00:00µ2021-10-12 20:45:00µ2021-10-16 16:00:00µ2021-10-19 20:45:00µ2021-10-23 16:00:00µ2021-10-26 20:45:00µ2021-10-30 16:00:00µ2021-11-06 16:00:00µ2021-11-13 16:00:00µ2021-11-20 16:00:00µ2021-11-23 20:45:00µ2021-11-27 16:00:00µ2021-11-30 20:45:00µ2021-12-04 18:30:00µ2021-12-11 16:00:00µ2021-12-18 16:00:00µ2021-12-26 16:00:00µ2022-01-02 16:00:00,0µ-7µ-38µ0µ-19µ2µ1µ-21µ-12µ-21µ1µ1µ2µ0µ-21µ1µ3µ13µ1µ1µ-41µ20µ-40µ-20µ-21µ0µ-63µ-40µ2µ2,2021-07-16 19:00:00µ2021-07-19 19:00:00µ2021-07-27 20:45:00µ2021-07-31 16:00:00µ2021-08-06 20:45:00µ2021-08-14 16:00:00µ2021-08-18 20:45:00µ2021-08-21 16:00:00µ2021-08-24 20:00:00µ2021-08-28 16:00:00µ2021-09-11 16:00:00µ2021-09-14 20:45:00µ2021-09-18 16:00:00µ2021-09-25 16:00:00µ2021-09-29 20:45:00µ2021-10-02 16:00:00µ2021-10-16 16:00:00µ2021-10-19 20:45:00µ2021-10-23 16:00:00µ2021-10-30 21:00:00µ2021-11-03 20:45:00µ2021-11-06 16:00:00µ2021-11-21 13:00:00µ2021-11-24 20:45:00µ2021-11-27 16:00:00µ2021-12-03 20:45:00µ2021-12-11 16:00:00µ2021-12-18 13:30:00µ2021-12-27 18:30:00µ2021-12-30 20:45:00
57,3759,2022-01-08,20:00,2022,97,Liga A1,Temporada Regular,3703,4430,Maccabi Tel Aviv,Hapoel Be'er Sheva,Maccabi Tel Aviv - Hapoel Be'er Sheva,1-0,1,0,0,955.0,1003.0,50.0,51.0,15.0,24.0,1.58,1.28,-4µ57µ-4µ-1µ0µ1µ4µ1µ-5µ1µ-20µ-6µ6µ4µ-10µ41µ0µ-16µ161µ-20µ2µ128µ-5µ-2µ2µ-7µ2µ-39µ0µ0µ-7µ1µ-9,2021-07-10 17:30:00µ2021-07-13 18:30:00µ2021-07-22 20:30:00µ2021-07-25 19:30:00µ2021-07-29 19:30:00µ2021-08-05 20:15:00µ2021-08-12 19:30:00µ2021-08-19 15:00:00µ2021-08-22 19:00:00µ2021-08-26 19:30:00µ2021-08-29 19:00:00µ2021-09-11 18:30:00µ2021-09-14 16:30:00µ2021-09-18 19:30:00µ2021-09-25 19:30:00µ2021-09-30 18:45:00µ2021-10-03 19:15:00µ2021-10-16 19:30:00µ2021-10-21 16:30:00µ2021-10-25 19:15:00µ2021-10-30 16:30:00µ2021-11-04 18:45:00µ2021-11-07 19:45:00µ2021-11-25 21:00:00µ2021-11-28 19:15:00µ2021-12-01 18:30:00µ2021-12-05 19:45:00µ2021-12-09 18:45:00µ2021-12-13 19:15:00µ2021-12-19 19:00:00µ2021-12-22 19:00:00µ2021-12-27 19:30:00µ2022-01-03 19:30:00,12µ-37µ0µ2µ2µ-4µ8µ-4µ-4µ-12µ6µ-7µ-6µ0µ8µ6µ1µ0µ-4µ-7µ2µ2µ2µ1µ0µ4µ0µ1,2021-07-02 18:00:00µ2021-07-04 18:00:00µ2021-07-15 19:30:00µ2021-07-22 20:00:00µ2021-07-29 19:00:00µ2021-08-05 20:00:00µ2021-08-12 19:00:00µ2021-08-19 19:00:00µ2021-08-22 19:30:00µ2021-08-26 19:00:00µ2021-08-29 19:45:00µ2021-09-12 19:15:00µ2021-09-18 16:45:00µ2021-09-22 19:15:00µ2021-09-25 19:30:00µ2021-10-03 19:45:00µ2021-10-17 19:15:00µ2021-10-23 19:30:00µ2021-10-30 19:00:00µ2021-11-06 16:30:00µ2021-11-27 14:00:00µ2021-12-01 19:15:00µ2021-12-06 19:15:00µ2021-12-12 19:15:00µ2021-12-19 19:00:00µ2021-12-22 19:30:00µ2021-12-26 19:00:00µ2022-01-02 19:15:00
47,16735,2022-01-08,20:00,2022,92,Ligue 2,Journée 20,445,5794,Bastia,Quevilly-Rouen,Bastia - Quevilly-Rouen,3-0,3,0,0,1932.0,656.0,71.0,42.0,6.0,37.0,2.73,0.83,12µ19µ17µ38µ14µ14µ0µ24µ-6µ14µ-2µ14µ-1µ42µ-4µ10µ-1µ11µ30µ3µ39µ-16µ-2µ14µ0µ7µ0,2021-07-04 18:00:00µ2021-07-08 19:00:00µ2021-07-09 10:00:00µ2021-07-16 19:00:00µ2021-07-24 15:00:00µ2021-08-11 19:00:00µ2021-08-14 15:00:00µ2021-08-18 19:00:00µ2021-08-21 19:00:00µ2021-08-28 19:00:00µ2021-09-11 19:00:00µ2021-09-18 19:00:00µ2021-09-21 20:00:00µ2021-09-25 15:00:00µ2021-10-02 19:00:00µ2021-10-16 19:00:00µ2021-10-25 20:45:00µ2021-10-30 19:00:00µ2021-11-06 19:00:00µ2021-11-13 19:00:00µ2021-11-20 19:00:00µ2021-11-26 19:30:00µ2021-12-03 21:00:00µ2021-12-11 19:00:00µ2021-12-18 13:45:00µ2021-12-21 20:45:00µ2022-01-02 16:00:00,-7µ-2µ-3µ-9µ-28µ8µ40µ27µ-26µ-4µ-3µ29µ13µ-1µ14µ29µ-8µ14µ-14µ14µ58µ-1µ4µ29µ26µ17µ14µ0,2021-07-03 18:00:00µ2021-07-07 18:00:00µ2021-07-10 18:00:00µ2021-07-14 19:00:00µ2021-07-17 19:00:00µ2021-07-24 19:00:00µ2021-08-07 19:00:00µ2021-08-14 19:00:00µ2021-08-18 19:00:00µ2021-08-21 19:00:00µ2021-08-28 19:00:00µ2021-09-11 19:00:00µ2021-09-18 19:00:00µ2021-09-21 20:00:00µ2021-09-24 21:00:00µ2021-10-02 19:00:00µ2021-10-16 19:00:00µ2021-10-23 19:00:00µ2021-10-30 19:00:00µ2021-11-06 19:00:00µ2021-11-13 19:00:00µ2021-11-20 19:00:00µ2021-11-27 14:00:00µ2021-12-03 21:00:00µ2021-12-11 19:00:00µ2021-12-18 18:30:00µ2021-12-21 20:45:00µ2022-01-02 18:30:00
49,16737,2022-01-08,20:00,2022,92,Ligue 2,Journée 20,924,1800,Dijon FCO,Nîmes,Dijon FCO - Nîmes,1-2,1,2,2,1627.0,1032.0,65.0,52.0,-26.0,41.0,1.45,1.22,-6µ-32µ-18µ-32µ-67µ-29µ-26µ-18µ-13µ-28µ-12µ-32µ1µ11µ23µ-26µ-32µ2µ3µ-27µ-23µ0µ10µ0µ-17µ-13µ-24µ19,2019-10-29 21:05:00µ2021-07-02 18:00:00µ2021-07-06 18:00:00µ2021-07-09 18:30:00µ2021-07-13 10:30:00µ2021-07-17 17:00:00µ2021-07-26 20:45:00µ2021-07-31 15:00:00µ2021-08-07 19:00:00µ2021-08-14 19:00:00µ2021-08-21 15:00:00µ2021-08-28 19:00:00µ2021-09-11 19:00:00µ2021-09-18 19:00:00µ2021-09-21 20:00:00µ2021-09-24 21:00:00µ2021-10-02 19:00:00µ2021-10-16 19:00:00µ2021-10-23 19:00:00µ2021-10-30 19:00:00µ2021-11-06 19:00:00µ2021-11-13 18:00:00µ2021-11-22 20:45:00µ2021-11-27 14:30:00µ2021-12-03 21:00:00µ2021-12-11 19:00:00µ2021-12-18 18:30:00µ2021-12-21 20:45:00,16µ-1µ0µ-8µ3µ-14µ14µ31µ-11µ15µ2µ-22µ-8µ-27µ-17µ0µ-29µ-12µ-23µ20µ14µ1µ-24µ-26µ16µ0µ-10,2019-10-29 18:45:00µ2019-12-18 21:05:00µ2021-07-03 17:30:00µ2021-07-10 17:15:00µ2021-07-17 17:30:00µ2021-07-24 15:00:00µ2021-07-31 15:00:00µ2021-08-07 19:00:00µ2021-08-14 19:00:00µ2021-08-21 19:00:00µ2021-08-28 15:00:00µ2021-09-11 19:00:00µ2021-09-18 19:00:00µ2021-09-21 20:00:00µ2021-09-24 21:00:00µ2021-10-02 15:00:00µ2021-10-18 20:45:00µ2021-10-23 19:00:00µ2021-10-30 19:00:00µ2021-11-06 15:00:00µ2021-11-13 14:00:00µ2021-11-20 19:00:00µ2021-11-27 16:00:00µ2021-12-03 21:00:00µ2021-12-11 19:00:00µ2021-12-18 13:45:00µ2021-12-21 20:45:00
51,16739,2022-01-08,20:00,2022,92,Ligue 2,Journée 20,1257,399,Grenoble,Auxerre,Grenoble - Auxerre,0-1,0,1,2,428.0,1412.0,33.0,60.0,3.0,69.0,1.02,2.92,-11µ13µ25µ-7µ-19µ17µ1µ9µ0µ-32µ-11µ8µ-18µ2µ-6µ18µ-5µ40µ-8µ12µ-12µ-5µ25µ11µ14µ-9µ-84µ-10µ-23µ-8,2019-08-13 20:00:00µ2019-08-27 20:00:00µ2021-05-18 20:45:00µ2021-05-21 20:45:00µ2021-07-03 17:00:00µ2021-07-06 18:00:00µ2021-07-09 19:00:00µ2021-07-14 18:00:00µ2021-07-17 18:00:00µ2021-07-24 19:00:00µ2021-08-02 20:45:00µ2021-08-07 19:00:00µ2021-08-14 19:00:00µ2021-08-21 19:00:00µ2021-08-28 19:00:00µ2021-09-11 19:00:00µ2021-09-18 15:00:00µ2021-09-21 20:00:00µ2021-09-24 21:00:00µ2021-10-02 19:00:00µ2021-10-16 19:00:00µ2021-10-23 19:00:00µ2021-10-30 19:00:00µ2021-11-06 19:00:00µ2021-11-13 14:00:00µ2021-11-20 19:00:00µ2021-11-27 17:00:00µ2021-12-03 21:00:00µ2021-12-11 19:00:00µ2021-12-21 20:45:00,-21µ0µ-2µ-56µ7µ7µ-7µ-5µ-13µ37µ66µ10µ-14µ2µ4µ-5µ-23µ0µ11µ5µ0µ-15µ7µ-3µ9µ0µ-20,2019-08-13 20:00:00µ2021-07-07 18:00:00µ2021-07-10 17:00:00µ2021-07-17 18:00:00µ2021-07-24 19:00:00µ2021-08-02 20:45:00µ2021-08-07 19:00:00µ2021-08-16 20:45:00µ2021-08-23 20:45:00µ2021-08-28 19:00:00µ2021-09-03 16:00:00µ2021-09-11 19:00:00µ2021-09-18 19:00:00µ2021-09-21 20:00:00µ2021-09-24 21:00:00µ2021-10-02 15:00:00µ2021-10-16 15:00:00µ2021-10-25 20:45:00µ2021-11-01 20:45:00µ2021-11-06 15:00:00µ2021-11-13 18:00:00µ2021-11-22 20:45:00µ2021-11-27 15:00:00µ2021-12-04 15:00:00µ2021-12-11 19:00:00µ2021-12-18 18:30:00µ2021-12-21 20:45:00
52,16741,2022-01-08,20:00,2022,92,Ligue 2,Journée 20,6827,2881,Pau FC,Rodez,Pau FC - Rodez,4-0,4,0,0,553.0,437.0,38.0,33.0,26.0,4.0,1.79,1.03,55µ0µ-19µ26µ-18µ-3µ8µ4µ26µ-36µ27µ7µ6µ-15µ-18µ16µ-6µ19µ-8µ-23µ37µ-4µ-28µ-22,2021-07-06 18:00:00µ2021-07-09 18:30:00µ2021-07-17 18:30:00µ2021-07-24 19:00:00µ2021-07-31 19:00:00µ2021-08-07 19:00:00µ2021-08-14 19:00:00µ2021-08-21 19:00:00µ2021-08-28 19:00:00µ2021-09-03 11:00:00µ2021-09-11 19:00:00µ2021-09-18 19:00:00µ2021-09-21 20:00:00µ2021-09-24 21:00:00µ2021-10-02 19:00:00µ2021-10-16 19:00:00µ2021-10-23 19:00:00µ2021-10-30 19:00:00µ2021-11-06 15:00:00µ2021-11-13 19:00:00µ2021-11-20 19:00:00µ2021-12-03 21:00:00µ2021-12-11 19:00:00µ2021-12-21 20:45:00,6µ19µ16µ0µ-3µ-4µ14µ12µ11µ48µ7µ25µ-8µ-3µ4µ-2µ-3µ36µ9µ-4µ29µ42µ-24µ24µ14µ-10,2019-08-13 20:00:00µ2021-07-03 18:00:00µ2021-07-10 18:00:00µ2021-07-14 18:00:00µ2021-07-17 18:00:00µ2021-07-24 19:00:00µ2021-07-31 19:00:00µ2021-08-07 19:00:00µ2021-08-14 19:00:00µ2021-08-21 19:00:00µ2021-08-28 19:00:00µ2021-09-11 19:00:00µ2021-09-18 19:00:00µ2021-09-21 20:00:00µ2021-09-24 21:00:00µ2021-10-02 19:00:00µ2021-10-16 19:00:00µ2021-10-23 19:00:00µ2021-10-30 19:00:00µ2021-11-06 19:00:00µ2021-11-13 17:00:00µ2021-11-20 19:00:00µ2021-11-27 17:00:00µ2021-12-03 21:00:00µ2021-12-13 20:45:00µ2021-12-21 20:45:00
53,16743,2022-01-08,20:00,2022,92,Ligue 2,Journée 20,2650,1274,Valenciennes,Guingamp,Valenciennes - Guingamp,1-1,1,1,1,1326.0,2034.0,59.0,72.0,-35.0,21.0,0.77,1.58,-47µ-14µ36µ-30µ-2µ-1µ-12µ6µ-38µ21µ-50µ-7µ-29µ-10µ1µ23µ20µ-37µ-35µ-15µ2µ0µ6µ12µ1µ-37µ-46µ4,2019-08-13 20:00:00µ2021-07-02 17:00:00µ2021-07-06 11:00:00µ2021-07-10 15:00:00µ2021-07-14 18:00:00µ2021-07-17 18:00:00µ2021-07-24 19:00:00µ2021-07-31 19:00:00µ2021-08-07 19:00:00µ2021-08-14 19:00:00µ2021-08-21 19:00:00µ2021-08-28 15:00:00µ2021-09-11 19:00:00µ2021-09-18 19:00:00µ2021-09-21 20:00:00µ2021-09-24 21:00:00µ2021-10-02 19:00:00µ2021-10-16 19:00:00µ2021-10-23 19:00:00µ2021-11-01 20:45:00µ2021-11-06 19:00:00µ2021-11-14 14:30:00µ2021-11-20 19:00:00µ2021-11-27 16:00:00µ2021-12-03 21:00:00µ2021-12-11 19:00:00µ2021-12-16 21:00:00µ2021-12-21 20:45:00,-72µ-17µ-4µ10µ-1µ1µ-5µ-9µ-11µ-39µ9µ-10µ44µ7µ-37µ-20µ-14µ1µ-18µ8µ2µ-30µ6µ-40µ0µ12µ-26µ-49µ3,2019-08-13 20:00:00µ2021-07-03 17:00:00µ2021-07-07 18:00:00µ2021-07-10 16:00:00µ2021-07-14 17:00:00µ2021-07-17 16:00:00µ2021-07-24 19:00:00µ2021-07-31 19:00:00µ2021-08-07 19:00:00µ2021-08-14 19:00:00µ2021-08-23 20:45:00µ2021-08-28 19:00:00µ2021-09-03 15:00:00µ2021-09-11 15:00:00µ2021-09-18 19:00:00µ2021-09-21 20:00:00µ2021-09-24 21:00:00µ2021-10-02 19:00:00µ2021-10-16 19:00:00µ2021-10-23 19:00:00µ2021-10-30 15:00:00µ2021-11-06 19:00:00µ2021-11-13 15:00:00µ2021-11-20 19:00:00µ2021-11-27 16:15:00µ2021-12-03 21:00:00µ2021-12-11 19:00:00µ2021-12-18 16:00:00µ2021-12-21 20:45:00
39,35273,2022-01-08,20:00,2022,19,Liga NOS,Journée 17,1007,1095,Estoril,Porto,Estoril - Porto,2-3,2,3,2,2022.0,3052.0,72.0,88.0,2.0,0.0,1.15,1.44,-17µ4µ-10µ5µ20µ40µ11µ9µ0µ-10µ-21µ0µ35µ22µ-13µ0µ-5µ0µ0µ0µ-30µ-14,2021-07-17 11:30:00µ2021-07-25 19:00:00µ2021-08-01 15:00:00µ2021-08-07 13:45:00µ2021-08-13 21:15:00µ2021-08-23 20:00:00µ2021-08-27 22:15:00µ2021-09-13 22:15:00µ2021-09-19 21:30:00µ2021-09-27 22:15:00µ2021-10-03 19:00:00µ2021-10-17 16:00:00µ2021-10-24 21:30:00µ2021-10-30 20:00:00µ2021-11-06 16:30:00µ2021-11-21 12:00:00µ2021-11-29 21:15:00µ2021-12-05 21:30:00µ2021-12-12 16:30:00µ2021-12-17 22:15:00µ2021-12-21 19:45:00µ2021-12-28 22:00:00,0µ0µ-17µ3µ0µ0µ-22µ0µ-13µ19µ0µ0µ-55µ0µ0µ5µ0µ-54µ0µ-33µ0µ0µ-28µ0µ0µ-91µ1µ0µ0µ16µ16,2021-07-17 14:00:00µ2021-07-25 20:45:00µ2021-07-28 21:00:00µ2021-07-31 18:30:00µ2021-08-08 19:00:00µ2021-08-15 19:00:00µ2021-08-22 19:00:00µ2021-08-28 19:00:00µ2021-09-11 21:30:00µ2021-09-15 21:00:00µ2021-09-19 19:00:00µ2021-09-24 22:15:00µ2021-09-28 21:00:00µ2021-10-02 19:00:00µ2021-10-15 19:45:00µ2021-10-19 21:00:00µ2021-10-23 19:00:00µ2021-10-26 20:00:00µ2021-10-30 18:00:00µ2021-11-03 18:45:00µ2021-11-07 18:00:00µ2021-11-20 21:15:00µ2021-11-24 21:00:00µ2021-11-28 21:30:00µ2021-12-03 20:00:00µ2021-12-07 21:00:00µ2021-12-12 21:30:00µ2021-12-15 22:00:00µ2021-12-19 20:00:00µ2021-12-23 21:45:00µ2021-12-30 22:00:00
35,15541,2022-01-08,22:00,2022,16,Ligue 1,Journée 20,1544,3863,Lens,Stade Rennais,Lens - Stade Rennais,1-0,1,0,0,1345.0,2289.0,59.0,77.0,46.0,44.0,1.58,2.1,9µ-17µ-25µ13µ-36µ-16µ-14µ29µ56µ29µ26µ90µ15µ55µ59µ-23µ59µ62µ-6µ39µ0µ6µ-90µ8µ-22µ30µ-8µ0µ-15µ24,2019-08-13 21:05:00µ2019-08-27 21:05:00µ2019-10-29 18:45:00µ2021-07-07 17:00:00µ2021-07-09 15:00:00µ2021-07-17 15:00:00µ2021-07-17 16:45:00µ2021-07-24 13:00:00µ2021-07-31 18:00:00µ2021-08-08 13:00:00µ2021-08-15 17:00:00µ2021-08-21 17:00:00µ2021-08-29 15:00:00µ2021-09-12 15:00:00µ2021-09-18 17:00:00µ2021-09-22 21:00:00µ2021-09-26 20:45:00µ2021-10-01 21:00:00µ2021-10-17 17:00:00µ2021-10-24 15:00:00µ2021-10-30 21:00:00µ2021-11-05 21:00:00µ2021-11-21 13:00:00µ2021-11-26 21:00:00µ2021-12-01 21:00:00µ2021-12-04 21:00:00µ2021-12-10 21:00:00µ2021-12-19 13:45:00µ2021-12-22 21:00:00µ2022-01-04 21:00:00,-42µ19µ-15µ-17µ-40µ10µ-29µ-28µ0µ6µ0µ-79µ-83µ39µ-17µ3µ-15µ14µ90µ8µ0µ6µ-29µ0µ101µ18µ-33µ10µ-22µ22µ144µ-55µ4µ-3µ-21,2019-12-18 21:05:00µ2021-07-10 18:00:00µ2021-07-17 17:00:00µ2021-07-21 19:00:00µ2021-07-24 18:00:00µ2021-07-31 18:00:00µ2021-08-08 13:00:00µ2021-08-15 15:00:00µ2021-08-19 20:00:00µ2021-08-22 17:00:00µ2021-08-26 19:00:00µ2021-08-29 15:00:00µ2021-09-12 15:00:00µ2021-09-16 18:45:00µ2021-09-19 17:00:00µ2021-09-22 19:00:00µ2021-09-26 13:00:00µ2021-09-30 21:00:00µ2021-10-03 13:00:00µ2021-10-17 15:00:00µ2021-10-21 18:45:00µ2021-10-24 15:00:00µ2021-10-31 15:00:00µ2021-11-04 21:00:00µ2021-11-07 20:45:00µ2021-11-20 21:00:00µ2021-11-25 18:45:00µ2021-11-28 15:00:00µ2021-12-01 21:00:00µ2021-12-05 13:00:00µ2021-12-09 21:00:00µ2021-12-12 15:00:00µ2021-12-18 21:00:00µ2021-12-22 21:00:00µ2022-01-02 16:00:00
3,20975,2022-01-08,22:00,2022,1,Liga Santander,Journée 20,2107,2647,Real Madrid,Valencia,Real Madrid - Valencia,4-1,4,1,0,3829.0,2742.0,98.0,84.0,-19.0,-2.0,2.03,0.7,-38µ-18µ-65µ-37µ0µ0µ-19µ-38µ-19µ0µ-40µ0µ0µ15µ1µ0µ-39µ-85µ-79µ0µ48µ-40µ0µ0µ0µ0µ0µ4µ0µ2µ18µ17µ-40µ0µ-79µ0,2019-07-21 02:00:00µ2019-07-24 01:00:00µ2019-07-27 02:06:00µ2019-07-30 18:00:00µ2019-07-31 18:00:00µ2021-07-11 18:30:00µ2021-07-18 20:00:00µ2021-07-25 19:00:00µ2021-08-08 18:30:00µ2021-08-14 22:00:00µ2021-08-22 22:00:00µ2021-08-28 22:00:00µ2021-09-12 21:00:00µ2021-09-15 21:00:00µ2021-09-19 21:00:00µ2021-09-22 22:00:00µ2021-09-25 21:00:00µ2021-09-28 21:00:00µ2021-10-03 16:15:00µ2021-10-19 21:00:00µ2021-10-24 16:15:00µ2021-10-27 21:30:00µ2021-10-30 14:00:00µ2021-11-03 18:45:00µ2021-11-06 21:00:00µ2021-11-21 16:15:00µ2021-11-24 21:00:00µ2021-11-28 21:00:00µ2021-12-01 21:00:00µ2021-12-04 21:00:00µ2021-12-07 21:00:00µ2021-12-12 21:00:00µ2021-12-19 21:00:00µ2021-12-22 21:30:00µ2022-01-02 14:00:00µ2022-01-05 21:30:00,23µ0µ0µ0µ1µ11µ-38µ6µ-32µ1µ13µ-1µ-7µ-19µ-38µ-1µ-39µ-102µ41µ36µ3µ-39µ0µ10µ0µ0µ3µ-79µ0,2021-07-16 18:35:00µ2021-07-21 19:00:00µ2021-07-24 19:00:00µ2021-07-28 18:45:00µ2021-07-30 19:00:00µ2021-08-04 20:30:00µ2021-08-07 18:30:00µ2021-08-13 21:00:00µ2021-08-21 19:30:00µ2021-08-27 22:15:00µ2021-09-12 16:15:00µ2021-09-19 21:00:00µ2021-09-22 19:30:00µ2021-09-25 16:15:00µ2021-10-02 18:30:00µ2021-10-17 21:00:00µ2021-10-23 14:00:00µ2021-10-27 20:00:00µ2021-10-30 18:30:00µ2021-11-07 16:15:00µ2021-11-21 21:00:00µ2021-11-27 16:15:00µ2021-12-02 19:30:00µ2021-12-05 21:00:00µ2021-12-11 18:30:00µ2021-12-16 19:00:00µ2021-12-20 21:00:00µ2021-12-31 16:15:00µ2022-01-05 16:00:00
28,21405,2022-01-08,22:00,2022,2,Segunda División,Journée 23,1535,2121,Leganés,R. Sociedad B,Leganés - R. Sociedad B,1-1,1,1,1,1670.0,650.0,65.0,42.0,-21.0,25.0,1.83,0.97,-35µ-24µ0µ1µ-55µ5µ-6µ-38µ0µ-19µ-39µ4µ-24µ0µ3µ-19µ-35µ-8µ-13µ-34µ-23µ-19µ12µ-16µ15µ31µ0µ-19µ-17µ0µ22µ-28µ-1,2021-06-03 21:00:00µ2021-06-06 21:00:00µ2021-07-28 19:00:00µ2021-07-31 20:00:00µ2021-08-04 19:00:00µ2021-08-07 10:00:00µ2021-08-07 19:00:00µ2021-08-14 17:00:00µ2021-08-16 10:00:00µ2021-08-23 22:00:00µ2021-08-28 19:30:00µ2021-09-04 16:00:00µ2021-09-10 21:00:00µ2021-09-18 18:15:00µ2021-09-26 14:00:00µ2021-10-03 21:00:00µ2021-10-10 18:15:00µ2021-10-17 16:00:00µ2021-10-20 21:00:00µ2021-10-23 21:00:00µ2021-10-29 21:00:00µ2021-11-02 21:15:00µ2021-11-05 21:00:00µ2021-11-14 18:15:00µ2021-11-22 21:00:00µ2021-11-28 14:00:00µ2021-12-02 20:45:00µ2021-12-06 21:00:00µ2021-12-12 14:00:00µ2021-12-15 19:30:00µ2021-12-18 16:00:00µ2022-01-02 14:00:00µ2022-01-05 16:00:00,6µ5µ14µ-18µ-17µ-7µ-4µ-11µ25µ3µ-5µ-5µ9µ4µ-20µ6µ17µ8µ16µ3µ6µ6µ6µ-6µ-19µ8µ23µ4µ37µ4µ0µ56µ-6µ9µ37µ1µ-4µ-25µ-5µ12µ-21µ48µ-3µ10µ-2µ9µ-2µ-2µ-23µ38µ-1µ-5µ-30µ-16µ0µ-1,2020-10-18 17:00:00µ2020-11-01 18:30:00µ2020-11-08 17:00:00µ2020-11-14 16:30:00µ2020-11-22 12:00:00µ2020-11-29 17:00:00µ2020-12-12 17:00:00µ2020-12-19 15:45:00µ2021-01-03 16:30:00µ2021-01-09 16:00:00µ2021-01-16 15:45:00µ2021-01-31 12:00:00µ2021-02-07 18:30:00µ2021-02-13 15:45:00µ2021-02-20 18:30:00µ2021-02-28 17:00:00µ2021-03-07 17:00:00µ2021-03-14 18:30:00µ2021-03-21 12:00:00µ2021-03-28 18:00:00µ2021-04-07 18:30:00µ2021-04-11 17:00:00µ2021-04-18 19:00:00µ2021-04-25 17:00:00µ2021-05-02 19:30:00µ2021-05-09 12:00:00µ2021-05-15 20:00:00µ2021-05-22 20:00:00µ2021-07-13 19:00:00µ2021-07-20 19:00:00µ2021-07-24 11:00:00µ2021-07-28 18:30:00µ2021-07-31 19:00:00µ2021-08-07 19:00:00µ2021-08-14 17:00:00µ2021-08-21 17:00:00µ2021-08-29 19:30:00µ2021-09-04 18:15:00µ2021-09-11 16:00:00µ2021-09-18 18:15:00µ2021-09-24 20:00:00µ2021-10-02 21:00:00µ2021-10-10 14:00:00µ2021-10-17 18:15:00µ2021-10-21 18:45:00µ2021-10-24 14:00:00µ2021-10-29 21:00:00µ2021-11-04 21:15:00µ2021-11-07 21:00:00µ2021-11-12 21:00:00µ2021-11-22 19:00:00µ2021-11-28 18:15:00µ2021-12-05 18:15:00µ2021-12-13 21:00:00µ2021-12-19 18:15:00µ2021-12-31 16:15:00
40,35271,2022-01-08,22:30,2022,19,Liga NOS,Journée 17,513,6994,Boavista,Tondela,Boavista - Tondela,1-1,1,1,1,1433.0,1370.0,61.0,60.0,6.0,14.0,1.51,1.12,20µ12µ-70µ51µ23µ-19µ-11µ0µ25µ4µ22µ-14µ-22µ0µ-55µ-42µ-5µ0µ67µ22µ22,2021-07-25 19:00:00µ2021-08-01 21:30:00µ2021-08-09 21:15:00µ2021-08-16 20:00:00µ2021-08-23 22:15:00µ2021-08-28 16:30:00µ2021-09-12 19:00:00µ2021-09-20 20:00:00µ2021-09-23 21:15:00µ2021-09-27 22:15:00µ2021-10-03 21:30:00µ2021-10-17 21:00:00µ2021-10-25 22:15:00µ2021-10-30 18:00:00µ2021-11-05 22:15:00µ2021-11-27 19:00:00µ2021-12-04 19:00:00µ2021-12-11 21:30:00µ2021-12-16 21:15:00µ2021-12-19 18:00:00µ2021-12-29 20:00:00,-29µ32µ-40µ-54µ0µ-14µ0µ22µ59µ0µ0µ-60µ38µ3µ0µ-1µ-14µ22µ-65µ28,2021-07-24 12:00:00µ2021-08-08 16:30:00µ2021-08-14 16:30:00µ2021-08-22 16:30:00µ2021-08-29 19:00:00µ2021-09-13 22:15:00µ2021-09-20 22:15:00µ2021-09-25 21:30:00µ2021-10-03 16:30:00µ2021-10-16 16:00:00µ2021-10-23 19:00:00µ2021-10-29 21:15:00µ2021-11-07 15:00:00µ2021-11-22 20:45:00µ2021-11-28 19:00:00µ2021-12-11 19:00:00µ2021-12-18 16:30:00µ2021-12-21 19:45:00µ2021-12-28 18:00:00µ2022-01-03 21:15:00
